-- phpMyAdmin SQL Dump
-- version 3.3.9
-- http://www.phpmyadmin.net
--
-- Host: localhost
-- Generation Time: Jan 30, 2018 at 03:28 AM
-- Server version: 5.5.8
-- PHP Version: 5.3.5

SET SQL_MODE="NO_AUTO_VALUE_ON_ZERO";


/*!40101 SET @OLD_CHARACTER_SET_CLIENT=@@CHARACTER_SET_CLIENT */;
/*!40101 SET @OLD_CHARACTER_SET_RESULTS=@@CHARACTER_SET_RESULTS */;
/*!40101 SET @OLD_COLLATION_CONNECTION=@@COLLATION_CONNECTION */;
/*!40101 SET NAMES utf8 */;

--
-- Database: `gpdi_sulut`
--

-- --------------------------------------------------------

--
-- Table structure for table `tbl_gembala`
--

CREATE TABLE IF NOT EXISTS `tbl_gembala` (
  `tgem_id` int(11) NOT NULL AUTO_INCREMENT,
  `tgem_nomor_induk` varchar(30) NOT NULL,
  `tgem_nama` varchar(50) NOT NULL,
  `tgem_tgl_lahir` date NOT NULL,
  `tgem_tpt_lahir` varchar(30) NOT NULL,
  `tgem_jk` char(1) NOT NULL,
  `tgem_status_nikah` varchar(1) NOT NULL,
  `tgem_domisili` varchar(30) NOT NULL,
  `tgem_tipe` tinyint(4) NOT NULL COMMENT '1:gembala, 2:pendamping, 3:calon',
  `tgem_no_telp` varchar(255) NOT NULL,
  `tgem_sk_gembala` varchar(50) NOT NULL,
  `tgem_pendidikan` varchar(30) NOT NULL,
  `tgem_status` tinyint(4) NOT NULL,
  PRIMARY KEY (`tgem_id`),
  KEY `tgem_nomor_induk` (`tgem_nomor_induk`),
  KEY `tgem_nama` (`tgem_nama`),
  KEY `tgem_status` (`tgem_status`)
) ENGINE=InnoDB  DEFAULT CHARSET=latin1 AUTO_INCREMENT=323 ;

--
-- Dumping data for table `tbl_gembala`
--

INSERT INTO `tbl_gembala` (`tgem_id`, `tgem_nomor_induk`, `tgem_nama`, `tgem_tgl_lahir`, `tgem_tpt_lahir`, `tgem_jk`, `tgem_status_nikah`, `tgem_domisili`, `tgem_tipe`, `tgem_no_telp`, `tgem_sk_gembala`, `tgem_pendidikan`, `tgem_status`) VALUES
(1, '', 'Pdt. S Manueke ', '0000-00-00', '', '', '', '', 0, '081340570985', '', '', 1),
(2, '', 'Pdm. Christian Bong ', '0000-00-00', '', '', '', '', 0, '081210078221', '', '', 1),
(3, '', 'Pdt. Dr. Wotulo', '0000-00-00', '', '', '', '', 0, '', '', '', 1),
(9, '', 'Pdt. R Sinolungan', '0000-00-00', '', '', '', '', 0, '081314894075', '', '', 1),
(10, '', 'Pdt. Semuel Kowaas ', '0000-00-00', '', '', '', '', 0, '081340476711', '', '', 1),
(11, '', 'Pdt. Elia Paseki', '0000-00-00', '', '', '', '', 0, '085241370180', '', '', 1),
(12, '', 'Pdt.R Wowor', '0000-00-00', '', '', '', '', 0, '081352275914', '', '', 1),
(13, '', 'Pdt. J Limpele ', '0000-00-00', '', '', '', '', 0, '085240420369', '', '', 1),
(14, '', 'Pdt. Feidy Siwu ', '0000-00-00', '', '', '', '', 0, '081340532640', '', '', 1),
(15, '', 'Pdt. A.J Mamarimbing ', '0000-00-00', '', '', '', '', 0, '085240694199', '', '', 1),
(16, '', 'Pdt. Jemmy Siwu', '0000-00-00', '', '', '', '', 0, '085240063316', '', '', 1),
(17, '', 'Pdt. Ibu  Tumewu – Araro ', '0000-00-00', '', '', '', '', 0, '081340652203', '', '', 1),
(18, '', 'Pdm. Jefry  Nonutu  ', '0000-00-00', '', '', '', '', 0, '085256926539', '', '', 1),
(19, '', 'Pdm. Marlon Pangayowan ', '0000-00-00', '', '', '', '', 0, '085298509020', '', '', 1),
(20, '', 'Pdt. Meidy Rumenser ', '0000-00-00', '', '', '', '', 0, '085141163831', '', '', 1),
(21, '', 'Pdt. V Mamentu', '0000-00-00', '', '', '', '', 0, '081340178576', '', '', 1),
(22, '', 'Pdt. R. D. Luwuk.', '0000-00-00', '', '', '', '', 0, '08124410117', '', '', 1),
(23, '', 'Pdt. Jootje N Sondakh', '0000-00-00', '', '', '', '', 0, '085256375551', '', '', 1),
(24, '', 'Pdt. Jessy Kosegeran', '0000-00-00', '', '', '', '', 0, '085241469012', '', '', 1),
(25, '', 'Pdt. DR. S. P. Senduk', '0000-00-00', '', '', '', '', 0, '081340148821', '', '', 1),
(26, '', 'Pdt. I. Oroh', '0000-00-00', '', '', '', '', 0, '082111722700', '', '', 1),
(27, '', 'Pdt.Youdy Parengkuan', '0000-00-00', '', '', '', '', 0, '081340432207', '', '', 1),
(28, '', 'Pdt. R. Ratag', '0000-00-00', '', '', '', '', 0, '085341623334', '', '', 1),
(29, '', 'Pdt. B. Rarumangkay', '0000-00-00', '', '', '', '', 0, '085256748364', '', '', 1),
(30, '', 'Pdt. M. Pandoh', '0000-00-00', '', '', '', '', 0, '085340776222', '', '', 1),
(31, '', 'Pdt. Lexie F Karundeng', '0000-00-00', '', '', '', '', 0, '085298084357', '', '', 1),
(32, '', 'Pdt. J. Tuda ', '0000-00-00', '', '', '', '', 0, '085256761284', '', '', 1),
(33, '', 'Pdt. Max Mawuntu', '0000-00-00', '', '', '', '', 0, '081356413482', '', '', 1),
(34, '', 'Pdt. Alfian A. Silap', '0000-00-00', '', '', '', '', 0, '085256579085', '', '', 1),
(35, '', 'Pdt. Ventje F Walangitan ', '0000-00-00', '', '', '', '', 0, '085240956884', '', '', 1),
(36, '', 'Pdm. Frits  M. A. A. Londah', '0000-00-00', '', '', '', '', 0, '081356738873', '', '', 1),
(37, '', 'Pdt. Sinaeng Betteng Payangan', '0000-00-00', '', '', '', '', 0, '081340478273', '', '', 1),
(38, '', 'Pdt. John Poli', '0000-00-00', '', '', '', '', 0, '085256450884', '', '', 1),
(39, '', 'Pdt. Vecky Lolaen', '0000-00-00', '', '', '', '', 0, '081340077567', '', '', 1),
(40, '', 'Pdt. Feddy Yonathan Lolaen', '0000-00-00', '', '', '', '', 0, '081356226090', '', '', 1),
(41, '', 'Pdt. E. Pesoth Tangka ', '0000-00-00', '', '', '', '', 0, '085256284416, 08884533445', '', '', 1),
(42, '', 'Pdt. Wenni Rasu.', '0000-00-00', '', '', '', '', 0, '085240148995', '', '', 1),
(43, '', 'Pdt. Herson K.', '0000-00-00', '', '', '', '', 0, '085232975732', '', '', 1),
(44, '', 'Pdt. Aril R. Pakasi', '0000-00-00', '', '', '', '', 0, '081340862019', '', '', 1),
(46, '', 'Pdt. H Palilingan', '0000-00-00', '', '', '', '', 0, '085340345251', '', '', 1),
(47, '', 'Pdt. Robby Kusoy', '0000-00-00', '', '', '', '', 0, '081340675555', '', '', 1),
(48, '', 'Pdt. J Tawaang', '0000-00-00', '', '', '', '', 0, '081356474667', '', '', 1),
(49, '', 'Pdt. J. H. Karundeng', '0000-00-00', '', '', '', '', 0, '081340340665', '', '', 1),
(50, '', 'Pdt. Denny Manitik', '0000-00-00', '', '', '', '', 0, '081316387037', '', '', 1),
(51, '', 'Pdt. P. A. Peleng', '0000-00-00', '', '', '', '', 0, '085298037424', '', '', 1),
(52, '', 'Pdt.S Sumele-Kumendong', '0000-00-00', '', '', '', '', 0, '08991661870', '', '', 1),
(53, '', 'Pdt. Nova F. Solang', '0000-00-00', '', '', '', '', 0, '085256318347', '', '', 1),
(54, '', 'Pdt. Fredy Assa', '0000-00-00', '', '', '', '', 0, '082195220538/082195220538', '', '', 1),
(55, '', 'Pdt. Nofry Mandagi', '0000-00-00', '', '', '', '', 0, '085256514024/085298257629', '', '', 1),
(56, '', 'Pdt. B. A. Kaseger', '0000-00-00', '', '', '', '', 0, '085342327720/08991667827', '', '', 1),
(68, '', 'Pdt. Ari Lengkey', '0000-00-00', '', '', '', '', 0, '082347660087', '', '', 1),
(69, '', 'Pdm. Y Walangitan-Soputan', '0000-00-00', '', '', '', '', 0, '085240082351', '', '', 1),
(70, '', 'Pdt. Johny Soputan', '0000-00-00', '', '', '', '', 0, '085256382152', '', '', 1),
(71, '', 'Pdt. F. P Koloay', '0000-00-00', '', '', '', '', 0, '081244497711', '', '', 1),
(72, '', 'Pdt. O. G Pongayow', '0000-00-00', '', '', '', '', 0, '081244087230', '', '', 1),
(73, '', 'Pdt. M Tumbelaka', '0000-00-00', '', '', '', '', 0, '085298037887', '', '', 1),
(74, '', 'Pdm. Lompoliu', '0000-00-00', '', '', '', '', 0, '0852349084260/082349014168', '', '', 1),
(75, '', 'Pdm. Jhonly Korua', '0000-00-00', '', '', '', '', 0, '082189773354', '', '', 1),
(77, '', 'Pdm. S Limpele', '0000-00-00', '', '', '', '', 0, '085394957394', '', '', 1),
(78, '', 'Pdt. J.F Tumimomor', '0000-00-00', '', '', '', '', 0, '089698316962', '', '', 1),
(79, '', 'Pdt. Tayuyung', '0000-00-00', '', '', '', '', 0, '081244215056', '', '', 1),
(80, '', 'Pdm. P Senduk Sumolang', '0000-00-00', '', '', '', '', 0, '085256635709', '', '', 1),
(81, '', 'Pdt. J Waworuntu', '0000-00-00', '', '', '', '', 0, '0855342767007', '', '', 1),
(82, '', 'Pdt. R Tumimomor', '0000-00-00', '', '', '', '', 0, '085256890653', '', '', 1),
(83, '', 'Pdt. D Mamahit-Mowoka', '0000-00-00', '', '', '', '', 0, '081356154995', '', '', 1),
(84, '', 'Pdt. V. Sumaila', '0000-00-00', '', '', '', '', 0, '085256303151', '', '', 1),
(85, '', 'Pdt. J. F Kawengian', '0000-00-00', '', '', '', '', 0, '085256005281', '', '', 1),
(86, '', 'Pdt. H Mambu', '0000-00-00', '', '', '', '', 0, '081340275256', '', '', 1),
(87, '', 'Pdm. Jerry Koyong', '0000-00-00', '', '', '', '', 0, '085256383613', '', '', 1),
(88, '', 'Pdt. A Tendean', '0000-00-00', '', '', '', '', 0, '085255862321', '', '', 1),
(89, '', 'Pdt. T Siwu-Kairupan', '0000-00-00', '', '', '', '', 0, '085256283983', '', '', 1),
(90, '', 'Pdt. M Senduk', '0000-00-00', '', '', '', '', 0, '085298023540', '', '', 1),
(91, '', 'Pdm. Drs. J. F. R. Engka', '0000-00-00', '', '', '', '', 0, '', '', '', 1),
(92, '', 'Pdt. V Tumembouw', '0000-00-00', '', '', '', '', 0, '085240647762', '', '', 1),
(93, '', '(KOSONG)', '0000-00-00', '', '', '', '', 0, '', '', '', 1),
(94, '', 'Pdt. Mantiri', '0000-00-00', '', '', '', '', 0, '08124421202', '', '', 1),
(95, '', 'Pdt. Daniel Soetrisno', '0000-00-00', '', '', '', '', 0, '081340172434', '', '', 1),
(96, '', 'Pdt. Ny. Repi-Wuisan', '0000-00-00', '', '', '', '', 0, '08124303377', '', '', 1),
(97, '', 'Pdt. Dolvy Rega S.Th', '0000-00-00', '', '', '', '', 0, '', '', '', 1),
(98, '', 'Pdt. Agus Rukait', '0000-00-00', '', '', '', '', 0, '085240986353', '', '', 1),
(99, '', 'Pdt. Yanto Mokosandib', '0000-00-00', '', '', '', '', 0, '081256459330', '', '', 1),
(100, '', 'Pdt. Denny Muntu', '0000-00-00', '', '', '', '', 0, '085298332611', '', '', 1),
(101, '', 'Pdt. Donny Saroinsong', '0000-00-00', '', '', '', '', 0, '08124438178', '', '', 1),
(102, '', 'Pdt. W. Manurip', '0000-00-00', '', '', '', '', 0, '081356117397', '', '', 1),
(103, '', 'Pdt. Y Rumengan', '0000-00-00', '', '', '', '', 0, '085343539506', '', '', 1),
(104, '', 'Pdt. Lexy Mamuaya', '0000-00-00', '', '', '', '', 0, '081341032563', '', '', 1),
(105, '', 'Pdt. Janjte SIlimang', '0000-00-00', '', '', '', '', 0, '081356710410', '', '', 1),
(106, '', 'Pdt. P. H Wongkar', '0000-00-00', '', '', '', '', 0, '081356315054', '', '', 1),
(107, '', 'Pdt. Jeffry Supit', '0000-00-00', '', '', '', '', 0, '085298540903', '', '', 1),
(108, '', 'Pdt. Reinhard Karundeng', '0000-00-00', '', '', '', '', 0, '085342318654', '', '', 1),
(109, '', 'Pdt. Jhon Awuy', '0000-00-00', '', '', '', '', 0, '0811432348', '', '', 1),
(110, '', 'Pdt. Lexy Ombong', '0000-00-00', '', '', '', '', 0, '085240409322', '', '', 1),
(111, '', 'Pdt. Ronny Deeng', '0000-00-00', '', '', '', '', 0, '0812887699220', '', '', 1),
(112, '', 'Pdt. Victor Mokalu', '0000-00-00', '', '', '', '', 0, '081340382949', '', '', 1),
(113, '', 'Pdt. Alex Sangian', '0000-00-00', '', '', '', '', 0, '081350697000', '', '', 1),
(114, '', 'Pdm. Tonny Koloay', '0000-00-00', '', '', '', '', 0, '085240087130', '', '', 1),
(115, '', 'Pdt. D. O Lumesar', '0000-00-00', '', '', '', '', 0, '081340442859', '', '', 1),
(116, '', 'Pdt. M. Michael', '0000-00-00', '', '', '', '', 0, '0852240330245', '', '', 1),
(117, '', 'Pdt. Y Makese', '0000-00-00', '', '', '', '', 0, '082191755487', '', '', 1),
(118, '', 'Pdt. Ir. K Manembu ', '0000-00-00', '', '', '', '', 0, '085240205777', '', '', 1),
(119, '', 'Pdt M.M Momongan W.(P) ', '0000-00-00', '', '', '', '', 0, '081356362404', '', '', 1),
(120, '', 'Pdt. Y Wowor ', '0000-00-00', '', '', '', '', 0, '085256442299', '', '', 1),
(121, '', 'Pdm. David Moniung ', '0000-00-00', '', '', '', '', 0, '081340361388', '', '', 1),
(122, '', 'Pdm. W Rotikan ', '0000-00-00', '', '', '', '', 0, '081356801856', '', '', 1),
(123, '', 'Pdt. R Lumingkewas ', '0000-00-00', '', '', '', '', 0, '085256720694', '', '', 1),
(124, '', 'Pdm. A Manimpurung ', '0000-00-00', '', '', '', '', 0, '085256497049', '', '', 1),
(125, '', 'Pdm. V Karinda ', '0000-00-00', '', '', '', '', 0, '081240120780', '', '', 1),
(126, '', 'Pdt. D Pantow ', '0000-00-00', '', '', '', '', 0, '081340126427', '', '', 1),
(127, '', 'Pdt. J Watulangkow ', '0000-00-00', '', '', '', '', 0, '081340063161', '', '', 1),
(128, '', 'Pdm. Nurantji  Tewal (P)', '0000-00-00', '', '', '', '', 0, '085399450457', '', '', 1),
(129, '', 'Pdm. Sofian Ratuela ', '0000-00-00', '', '', '', '', 0, '085298054087', '', '', 1),
(130, '', 'Pdt. Karel Teintang ', '0000-00-00', '', '', '', '', 0, '081341005299', '', '', 1),
(131, '', 'Pdt. R. R. M Sondakh', '0000-00-00', '', '', '', '', 0, '081356357807', '', '', 1),
(133, '', 'Pdm. Helena R. Kaligis (P)', '0000-00-00', '', '', '', '', 0, '085298025552', '', '', 1),
(134, '', 'Pdt. M Panambunan', '0000-00-00', '', '', '', '', 0, '0813575754664', '', '', 1),
(135, '', 'Pdt. S Waluyan', '0000-00-00', '', '', '', '', 0, '081340722221', '', '', 1),
(136, '', 'Pdt. R. O.  Kekung', '0000-00-00', '', '', '', '', 0, '085298907447', '', '', 1),
(137, '', 'Pdt. B. Wayong', '0000-00-00', '', '', '', '', 0, '082187148809', '', '', 1),
(138, '', 'Pdt. F.B Nender', '0000-00-00', '', '', '', '', 0, '082196766484', '', '', 1),
(139, '', 'Pdt. A Lintang', '0000-00-00', '', '', '', '', 0, '081356411118', '', '', 1),
(141, '', 'Pdm. Stenvy Samola', '0000-00-00', '', '', '', '', 0, '', '', '', 1),
(142, '', 'Pdt. A Pangkey', '0000-00-00', '', '', '', '', 0, '081340889506', '', '', 1),
(143, '', 'Pdt. J Poluan', '0000-00-00', '', '', '', '', 0, '083131087760', '', '', 1),
(144, '', 'Pdt. S Rintjap', '0000-00-00', '', '', '', '', 0, '085398543778', '', '', 1),
(145, '', 'Pdt. Paulus Sumaa', '0000-00-00', '', '', '', '', 0, '085256702878', '', '', 1),
(146, '', 'Pdm. Raymond Royke Maukar', '0000-00-00', '', '', '', '', 0, '', '', '', 1),
(147, '', 'Pdm. Marie Lumintang', '0000-00-00', '', '', '', '', 0, '085256465235', '', '', 1),
(148, '', 'Pdm. J. Poluan', '0000-00-00', '', '', '', '', 0, '', '', '', 1),
(151, '', 'Pdt. Ferry Toreh', '0000-00-00', '', '', '', '', 0, '', '', '', 1),
(152, '', 'Pdt. F Ticoalu', '0000-00-00', '', '', '', '', 0, '081244857667', '', '', 1),
(153, '', 'Pdt. Jouke Robby Singkoh', '0000-00-00', '', '', '', '', 0, '085340984374', '', '', 1),
(154, '', 'Pdt. J Lumingkewas', '0000-00-00', '', '', '', '', 0, '081356472472', '', '', 1),
(155, '', 'Pdt. S Karwur', '0000-00-00', '', '', '', '', 0, '081340884890', '', '', 1),
(156, '', 'Pdt. Yanto Pitoy', '0000-00-00', '', '', '', '', 0, '081356311863', '', '', 1),
(157, '', 'Pdm. Naomi Pontoh Lumowa', '0000-00-00', '', '', '', '', 0, '085240210254', '', '', 1),
(158, '', 'Pdt. Donny Dolfie Pontoh', '0000-00-00', '', '', '', '', 0, '082188718383', '', '', 1),
(160, '', 'Pdt. R.Alex Tulungen ', '0000-00-00', '', '', '', '', 0, '085394971812', '', '', 1),
(161, '', 'Pdt. Ronny Herry Memah ', '0000-00-00', '', '', '', '', 0, '085256412456', '', '', 1),
(162, '', 'Pdt. Juni Jeidi Mentang', '0000-00-00', '', '', '', '', 0, '081244522828', '', '', 1),
(163, '', 'Pdt. Johnny Ngantung', '0000-00-00', '', '', '', '', 0, '08124445289', '', '', 1),
(166, '', 'Pdt. DR. F Sualang ', '0000-00-00', '', '', '', '', 0, '082190054544', '', '', 1),
(167, '', 'Pdt. V Lukar ', '0000-00-00', '', '', '', '', 0, '0811436178', '', '', 1),
(168, '', 'Pdt. S. J . Sompie ', '0000-00-00', '', '', '', '', 0, '081340704449', '', '', 1),
(169, '', 'Pdt. Drs. M. M Landeng ', '0000-00-00', '', '', '', '', 0, '081340001885', '', '', 1),
(170, '', 'Pdt. D Momongan', '0000-00-00', '', '', '', '', 0, '085240883848', '', '', 1),
(171, '', 'Pdt. E. M Kumendong ', '0000-00-00', '', '', '', '', 0, '085340529657', '', '', 1),
(172, '', 'Pdt. A. Lomban ', '0000-00-00', '', '', '', '', 0, '08124424120', '', '', 1),
(173, '', 'Pdt. D. A . Pakasi ', '0000-00-00', '', '', '', '', 0, '081340248910', '', '', 1),
(174, '', 'Pdt. J. B Sumigar ', '0000-00-00', '', '', '', '', 0, '085342352296', '', '', 1),
(175, '', 'Pdt. M Pangkey', '0000-00-00', '', '', '', '', 0, '081356189234', '', '', 1),
(176, '', 'Pdt. M. Sumaa MA, M.Th', '0000-00-00', '', '', '', '', 0, '085298169075', '', '', 1),
(177, '', 'Pdt. A. Tumilaar', '0000-00-00', '', '', '', '', 0, '085256140009', '', '', 1),
(178, '', 'Pdt. Fecky Dihuma', '0000-00-00', '', '', '', '', 0, '085240015834', '', '', 1),
(179, '', 'Pdt. Rafny Palar', '0000-00-00', '', '', '', '', 0, '081340317917', '', '', 1),
(180, '', 'Pdt. Fredy Kandow', '0000-00-00', '', '', '', '', 0, '085289415500', '', '', 1),
(181, '', 'Pdt. Wilson Lensun ', '0000-00-00', '', '', '', '', 0, '081340883022', '', '', 1),
(182, '', 'Pdt. Gideon Akemat ', '0000-00-00', '', '', '', '', 0, '082195785572', '', '', 1),
(183, '', 'Pdt. Steven Manansal', '0000-00-00', '', '', '', '', 0, '085240676100', '', '', 1),
(184, '', 'Pdt. Hanny D. Tumilaar', '0000-00-00', '', '', '', '', 0, '085298890183', '', '', 1),
(185, '', 'Pdt. Alfrits Sambow', '0000-00-00', '', '', '', '', 0, '', '', '', 1),
(186, '', 'Pdt. Imanuel Misade', '0000-00-00', '', '', '', '', 0, '082347216352', '', '', 1),
(187, '', 'Pdt. Audy Wangko', '0000-00-00', '', '', '', '', 0, '081340072322', '', '', 1),
(188, '', 'Pdt. Tineke Sumolong ', '0000-00-00', '', '', '', '', 0, '085244466050', '', '', 1),
(189, '', 'Pdt. Johnny Kambey ', '0000-00-00', '', '', '', '', 0, '081523765560', '', '', 1),
(190, '', 'Pdt. Elfat Sofyan ', '0000-00-00', '', '', '', '', 0, '082191428562', '', '', 1),
(191, '', 'Pdt. Masye. Maritje. Makese. Sondakh', '0000-00-00', '', '', '', '', 0, '085298228179', '', '', 1),
(192, '', 'Pdt. Robby. Pansariang', '0000-00-00', '', '', '', '', 0, '085241760251', '', '', 1),
(193, '', 'Pdt. D. Muaya', '0000-00-00', '', '', '', '', 0, '082194667999', '', '', 1),
(194, '', 'Pdt. Hendrik. Palengkahu', '0000-00-00', '', '', '', '', 0, '085342559400', '', '', 1),
(195, '', 'Pdt. Daniel. Mantiri', '0000-00-00', '', '', '', '', 0, '081356309489', '', '', 1),
(196, '', 'Pdt. Jeady. Lengkong', '0000-00-00', '', '', '', '', 0, '081356527782', '', '', 1),
(197, '', 'Pdt. Frangky. Paat', '0000-00-00', '', '', '', '', 0, '085256590090', '', '', 1),
(198, '', 'Pdt. Herny. Tanod', '0000-00-00', '', '', '', '', 0, '085256590090', '', '', 1),
(199, '', 'Pdt. Nelly. Ticoalu. Sompie. STh, MA', '0000-00-00', '', '', '', '', 0, '08124451105', '', '', 1),
(200, '', 'Pdm. Irma R. Dayoh', '0000-00-00', '', '', '', '', 0, '', '', '', 1),
(201, '', 'Pdt . H Nusland-K (P)', '0000-00-00', '', '', '', '', 0, '081356932039', '', '', 1),
(202, '', 'Pdt. S.Tiwa ', '0000-00-00', '', '', '', '', 0, '085240403779', '', '', 1),
(203, '', 'Pdt. H. Sondakh ', '0000-00-00', '', '', '', '', 0, '081332151252', '', '', 1),
(204, '', 'Pdt. M.Onibala', '0000-00-00', '', '', '', '', 0, '081343930976', '', '', 1),
(205, '', 'Pdm. Roy Sumilat ', '0000-00-00', '', '', '', '', 0, '-', '', '', 1),
(206, '', 'Pdt. W. Wongkar ', '0000-00-00', '', '', '', '', 0, '085340212440', '', '', 1),
(207, '', 'Pdt. N. Angkow', '0000-00-00', '', '', '', '', 0, '085240469160', '', '', 1),
(208, '', 'Pdt. Dr. A Katuuk – Pakasi ', '0000-00-00', '', '', '', '', 0, '08134415572', '', '', 1),
(209, '', 'Pdt. D. Makalew', '0000-00-00', '', '', '', '', 0, '0813800154', '', '', 1),
(210, '', 'Pdt. S. Tuerah', '0000-00-00', '', '', '', '', 0, '081343648031', '', '', 1),
(213, '', 'Pdt. Jan Lempoy', '0000-00-00', '', '', '', '', 0, '085256645029', '', '', 1),
(214, '', 'Pdt. F. Lantang', '0000-00-00', '', '', '', '', 0, '081313191350', '', '', 1),
(215, '', 'Pdt. A. Kaunang Lumempow ', '0000-00-00', '', '', '', '', 0, '081340338166', '', '', 1),
(216, '', 'Pdm.  Lies Tasane', '0000-00-00', '', '', '', '', 0, '085256324646', '', '', 1),
(217, '', 'Pdt. Ch. Rondonuwu', '0000-00-00', '', '', '', '', 0, '082195121110', '', '', 1),
(218, '', 'Pdt. M. Walean', '0000-00-00', '', '', '', '', 0, '0852401078', '', '', 1),
(219, '', 'Pdt. Sonny A. R. Kambey', '0000-00-00', '', '', '', '', 0, '085298220243', '', '', 1),
(220, '', 'Pdm. Ibu  B. Sutrisno T.', '0000-00-00', '', '', '', '', 0, '085298218802', '', '', 1),
(221, '', 'Pdt. DR. J. F. Kaawoan MTh', '0000-00-00', '', '', '', '', 0, '', '', '', 1),
(222, '', 'Pdt. L Tuwaidan Tasiam', '0000-00-00', '', '', '', '', 0, '081356432783', '', '', 1),
(223, '', 'Pdt. F Rumampuk', '0000-00-00', '', '', '', '', 0, '085256679696', '', '', 1),
(224, '', 'Pdt. Ch. Langitan Mononutu', '0000-00-00', '', '', '', '', 0, '081340015905', '', '', 1),
(225, '', 'Pdt. C Kaparang Rooroh', '0000-00-00', '', '', '', '', 0, '081340001513', '', '', 1),
(226, '', 'Pdt. E.M Wantah', '0000-00-00', '', '', '', '', 0, '082188748806', '', '', 1),
(227, '', 'Pdt. Ibu Sondakh', '0000-00-00', '', '', '', '', 0, '085240835355', '', '', 1),
(228, '', 'Pdt. S Rewah – Oroh', '0000-00-00', '', '', '', '', 0, '085256009764', '', '', 1),
(229, '', 'Pdt. Joseph Rawung', '0000-00-00', '', '', '', '', 0, '085341983260', '', '', 1),
(230, '', 'Pdt. Jemmy.A Mawoka', '0000-00-00', '', '', '', '', 0, '081340879997', '', '', 1),
(231, '', 'Pdt. Hapny Panese ', '0000-00-00', '', '', '', '', 0, '085256520553', '', '', 1),
(232, '', 'Pdt. Ruben Renggi ', '0000-00-00', '', '', '', '', 0, '081340035262', '', '', 1),
(233, '', 'Pdm. Febri Kurnia Manoppo, S.Th, S.Pd.K', '0000-00-00', '', '', '', '', 0, '', '', '', 1),
(234, '', 'Pdm. Elsye Singal - Ransingin', '0000-00-00', '', '', '', '', 0, '', '', '', 1),
(235, '', 'Pdt. F. Umboh', '0000-00-00', '', '', '', '', 0, '0431-3361569', '', '', 1),
(236, '', 'Pdt. Drs. A.L Rugian ', '0000-00-00', '', '', '', '', 0, '085240810178', '', '', 1),
(237, '', 'Pdt. H.N Pangemanan', '0000-00-00', '', '', '', '', 0, '085256777033', '', '', 1),
(238, '', 'Pdt. Dra. O Pangkey', '0000-00-00', '', '', '', '', 0, '08124447446', '', '', 1),
(239, '', 'Pdt. R Killing', '0000-00-00', '', '', '', '', 0, '082194828054', '', '', 1),
(240, '', 'Pdt. Jerry Wowor', '0000-00-00', '', '', '', '', 0, '081356407514', '', '', 1),
(241, '', 'Pdt. Hewtbon Edward Manik', '0000-00-00', '', '', '', '', 0, '', '', '', 1),
(242, '', 'Pdt. E.A Mangkey Tewu ', '0000-00-00', '', '', '', '', 0, '0431837595', '', '', 1),
(243, '', 'Pdt. J Lumempow', '0000-00-00', '', '', '', '', 0, '085298156679', '', '', 1),
(244, '', 'Pdt. F Lepar', '0000-00-00', '', '', '', '', 0, '081340035822', '', '', 1),
(245, '', 'Pdt. L Sondakh Basoaji', '0000-00-00', '', '', '', '', 0, '081356723804', '', '', 1),
(246, '', 'Pdm. M Tatuil', '0000-00-00', '', '', '', '', 0, '081220341593', '', '', 1),
(247, '', 'Pdm. Y Soputan', '0000-00-00', '', '', '', '', 0, '085240841001', '', '', 1),
(248, '', 'Pdt. A Kalele', '0000-00-00', '', '', '', '', 0, '081340315700', '', '', 1),
(249, '', 'Pdm. Karel.S Ratag ', '0000-00-00', '', '', '', '', 0, '085256771225', '', '', 1),
(250, '', 'Pdt.  H  Wuisan', '0000-00-00', '', '', '', '', 0, '081244762177', '', '', 1),
(251, '', 'Pdt. Jootje Koroh', '0000-00-00', '', '', '', '', 0, '081350628002', '', '', 1),
(252, '', 'Pdt. Moudy Kombaitan', '0000-00-00', '', '', '', '', 0, '081356716037', '', '', 1),
(253, '', 'Pdt. I Awuy-Lantu (P)', '0000-00-00', '', '', '', '', 0, '0811436846', '', '', 1),
(254, '', 'Pdt. T Pandelaki-Tendean (P)', '0000-00-00', '', '', '', '', 0, '081340321560', '', '', 1),
(255, '', 'Pdt. N.F.R Rundengan ', '0000-00-00', '', '', '', '', 0, '08124403541', '', '', 1),
(256, '', 'Pdt. L.I Palar-Senduk. (P)', '0000-00-00', '', '', '', '', 0, '0431861979', '', '', 1),
(257, '', 'Pdt. Yusak Lowongan ', '0000-00-00', '', '', '', '', 0, '0431869520', '', '', 1),
(258, '', 'Pdt. Deddy Antono', '0000-00-00', '', '', '', '', 0, '0431868390', '', '', 1),
(259, '', 'Pdt. M Kalumata-Pesak (P)', '0000-00-00', '', '', '', '', 0, '081340167511', '', '', 1),
(260, '', 'Pdt. D.O Lukas', '0000-00-00', '', '', '', '', 0, '081340126051', '', '', 1),
(261, '', 'Pdt. J.R Manopo ', '0000-00-00', '', '', '', '', 0, '085240199955', '', '', 1),
(262, '', 'Pdm. James Lang', '0000-00-00', '', '', '', '', 0, '081356418138', '', '', 1),
(263, '', 'Pdt. Steven Luntungan', '0000-00-00', '', '', '', '', 0, '082189707773', '', '', 1),
(264, '', 'Pdm. Yoppie Mingki', '0000-00-00', '', '', '', '', 0, '085240415553', '', '', 1),
(265, '', 'Semuel Rumondor', '0000-00-00', '', '', '', '', 0, '085240951113', '', '', 1),
(266, '', 'Pdt. Berty Palit', '0000-00-00', '', '', '', '', 0, '081340602062', '', '', 1),
(267, '', 'Pdt. Ronald. Rumondor', '0000-00-00', '', '', '', '', 0, '08124755999', '', '', 1),
(268, '', 'Pdt. Haezer Sumual, MA, MTh', '0000-00-00', '', '', '', '', 0, '085395655559', '', '', 1),
(270, '', 'Pdt. DR. Robby Makal. MTh, MPdk.', '0000-00-00', '', '', '', '', 0, '081340848040', '', '', 1),
(271, '', 'Pdt. Edwin Sumilat STh, MA.', '0000-00-00', '', '', '', '', 0, '081244881962', '', '', 1),
(272, '', 'Pdm. Sem Dimpudus', '0000-00-00', '', '', '', '', 0, '081356733007', '', '', 1),
(273, '', 'Pdt. Evie SayangaMamesah (P)', '0000-00-00', '', '', '', '', 0, '085298374146', '', '', 1),
(274, '', 'Pdt. Harry Angmalisang', '0000-00-00', '', '', '', '', 0, '04313348545', '', '', 1),
(275, '', 'Pdt. Steven Sumolang', '0000-00-00', '', '', '', '', 0, '', '', '', 1),
(276, '', 'Pdt. Dantje Rambing', '0000-00-00', '', '', '', '', 0, '', '', '', 1),
(277, '', 'Pdt. Poltje Kumayas', '0000-00-00', '', '', '', '', 0, '08124441212', '', '', 1),
(278, '', 'Pdt. Ferry Solang', '0000-00-00', '', '', '', '', 0, '085340076795', '', '', 1),
(279, '', 'Pdt. Argemiro Manimpurung, STh, MA', '0000-00-00', '', '', '', '', 0, '081340807111', '', '', 1),
(280, '', 'Pdt. Deddy Iroth		', '0000-00-00', '', '', '', '', 0, '08219015 8008', '', '', 1),
(281, '', 'Pdt. J. Koroh', '0000-00-00', '', '', '', '', 0, '085256582411', '', '', 1),
(282, '', 'Pdt. Noldy Seegho', '0000-00-00', '', '', '', '', 0, '081356623900', '', '', 1),
(283, '', 'Pdt. Karel Somba', '0000-00-00', '', '', '', '', 0, '085298042433', '', '', 1),
(284, '', 'Pdt. Adry Punusingon', '0000-00-00', '', '', '', '', 0, '085256683445', '', '', 1),
(285, '', 'Pdt. Pdt. H. Watuseke', '0000-00-00', '', '', '', '', 0, '', '', '', 1),
(286, '', 'Pdt. Jimmy Mamahit	', '0000-00-00', '', '', '', '', 0, '0431-844165', '', '', 1),
(287, '', 'Pdm. Masye Manitik Himpon', '0000-00-00', '', '', '', '', 0, '082190098338', '', '', 1),
(288, '', 'Pdt. Philemon Assa', '0000-00-00', '', '', '', '', 0, '081340061334', '', '', 1),
(289, '', 'Pdt. Chres Rorong	 	', '0000-00-00', '', '', '', '', 0, '081340029141', '', '', 1),
(290, '', 'Pdt. Jootje Karisoh	', '0000-00-00', '', '', '', '', 0, '085244818908', '', '', 1),
(291, '', 'Pdm. Frida Pratasik	', '0000-00-00', '', '', '', '', 0, '085340987243', '', '', 1),
(292, '', 'Pdt. Paulus Pesik 	', '0000-00-00', '', '', '', '', 0, '085342305580', '', '', 1),
(293, '', '13	Pdt. Drs. Yoost Losa MA', '0000-00-00', '', '', '', '', 0, '081356411022', '', '', 1),
(294, '', 'Pdm. Michael Tumbelaka	', '0000-00-00', '', '', '', '', 0, '', '', '', 1),
(295, '', 'Stevy Mambu', '0000-00-00', '', '', '', '', 0, '', '', '', 1),
(296, '', 'Pdt. Deitje Rorong Kawonal. 	', '0000-00-00', '', '', '', '', 0, '081340620321', '', '', 1),
(297, '', 'Pdt. L Mandalika STh', '0000-00-00', '', '', '', '', 0, '085256600277', '', '', 1),
(298, '', 'Pdt. S. Liow –Rantung', '0000-00-00', '', '', '', '', 0, '0431861854', '', '', 1),
(299, '', 'Pdt. L Tendean-Koloay', '0000-00-00', '', '', '', '', 0, '0431873309', '', '', 1),
(300, '', 'Pdt. Yonatan Tambahani', '0000-00-00', '', '', '', '', 0, '081320925577', '', '', 1),
(301, '', 'Pdt. J Sumolang 		', '0000-00-00', '', '', '', '', 0, '085340754308', '', '', 1),
(302, '', 'Pdt. M Kuhu-Suwu', '0000-00-00', '', '', '', '', 0, '082196421447', '', '', 1),
(303, '', 'Pdt. L Karamoi ', '0000-00-00', '', '', '', '', 0, '085256637689', '', '', 1),
(304, '', 'Pdt. Denny Runturambi	', '0000-00-00', '', '', '', '', 0, '081356442131', '', '', 1),
(305, '', 'Pdt. Decky Lesar', '0000-00-00', '', '', '', '', 0, '081340231759', '', '', 1),
(306, '', 'Pdt. Remmy Dengah', '0000-00-00', '', '', '', '', 0, '081388420922', '', '', 1),
(307, '', 'Pdt. J.E.I Pangalila ', '0000-00-00', '', '', '', '', 0, '08124301939', '', '', 1),
(308, '', 'Pdm. Inge D. Poermedi', '0000-00-00', '', '', '', '', 0, '085298093888', '', '', 1),
(309, '', 'Pdm. Youdy Samola', '0000-00-00', '', '', '', '', 0, '', '', '', 1),
(311, '', 'Pdm. Oscar Ratulangi	', '0000-00-00', '', '', '', '', 0, '', '', '', 1),
(316, '', 'Pdt. 		', '0000-00-00', '', '', '', '', 0, '085298547191', '', '', 1),
(317, '', 'Pdt. Oral Wenas	', '0000-00-00', '', '', '', '', 0, '085298405410', '', '', 1),
(318, '', 'Pdt. Aldrin Abraham Mamudi, STh	', '0000-00-00', '', '', '', '', 0, '085240115657', '', '', 1),
(319, '', 'Pdt. Moody Wenas		', '0000-00-00', '', '', '', '', 0, '081244262672', '', '', 1),
(320, '', 'Pdt.', '0000-00-00', '', '', '', '', 0, '081340248663', '', '', 1),
(321, '', 'Pdt. P. R. Maniku', '0000-00-00', '', '', '', '', 0, '081340785000', '', '', 1),
(322, '', 'Pdt. Demsy Pulu', '0000-00-00', '', '', '', '', 0, '085298113125', '', '', 1);

-- --------------------------------------------------------

--
-- Table structure for table `tbl_gereja`
--

CREATE TABLE IF NOT EXISTS `tbl_gereja` (
  `tg_id` int(11) NOT NULL AUTO_INCREMENT,
  `tg_nama` varchar(255) NOT NULL,
  `tg_lokasi` varchar(255) NOT NULL,
  `tg_tgl_berdiri` date NOT NULL,
  `tg_inventaris` text NOT NULL,
  `tg_jadwal_ibadah` text NOT NULL,
  `tgem_id` int(11) NOT NULL,
  `tw_id` int(11) NOT NULL,
  `tg_status` tinyint(4) NOT NULL,
  PRIMARY KEY (`tg_id`),
  KEY `tg_nama` (`tg_nama`),
  KEY `tw_id` (`tw_id`),
  KEY `tgem_id` (`tgem_id`)
) ENGINE=InnoDB  DEFAULT CHARSET=latin1 AUTO_INCREMENT=323 ;

--
-- Dumping data for table `tbl_gereja`
--

INSERT INTO `tbl_gereja` (`tg_id`, `tg_nama`, `tg_lokasi`, `tg_tgl_berdiri`, `tg_inventaris`, `tg_jadwal_ibadah`, `tgem_id`, `tw_id`, `tg_status`) VALUES
(1, 'GPdI Makalisung', '', '0000-00-00', '', '', 1, 50, 1),
(2, 'GPdI Kristus Raja Kalawiran', '', '0000-00-00', '', '', 2, 50, 1),
(3, 'GPdI Ekklesia Langowan', '', '0000-00-00', '', '', 3, 55, 1),
(9, 'GPdI Kinaleosan', '', '0000-00-00', '', '', 9, 50, 1),
(10, 'GPdI Rerer', '', '0000-00-00', '', '', 10, 50, 1),
(11, 'GPdI Kolongan', '', '0000-00-00', '', '', 11, 50, 1),
(12, 'GPdI Sawangan', '', '0000-00-00', '', '', 12, 50, 1),
(13, 'GPdI Kombi', '', '0000-00-00', '', '', 13, 50, 1),
(14, 'GPdI Ranowangko II', '', '0000-00-00', '', '', 14, 50, 1),
(15, 'GPdI Kayubesi', '', '0000-00-00', '', '', 15, 50, 1),
(16, 'GPdI Tulap', '', '0000-00-00', '', '', 16, 50, 1),
(17, 'GPdI Lalumpe', '', '0000-00-00', '', '', 17, 50, 1),
(18, 'GPdI Toloun', '', '0000-00-00', '', '', 18, 50, 1),
(19, 'GPdI Pantai Ratu', '', '0000-00-00', '', '', 19, 50, 1),
(20, 'GPdI Pantai Bulo', '', '0000-00-00', '', '', 20, 50, 1),
(21, 'GPdI Immanuel Rerer I', '', '0000-00-00', '', '', 21, 50, 1),
(22, 'GPdI Tataaran II', '', '0000-00-00', '', '', 22, 48, 1),
(23, 'GPdI Koya', '', '0000-00-00', '', '', 23, 48, 1),
(24, 'GPdI Tounsaru', '', '0000-00-00', '', '', 24, 48, 1),
(25, 'GPdI Yordan Urongo', '', '0000-00-00', '', '', 25, 48, 1),
(26, 'GPdI Tataaran I', '', '0000-00-00', '', '', 26, 48, 1),
(27, 'GPdI Paleloan', '', '0000-00-00', '', '', 27, 48, 1),
(28, 'GPdI Perum Unima', '', '0000-00-00', '', '', 28, 48, 1),
(29, 'GPdI Tambelang Tounsaru', '', '0000-00-00', '', '', 29, 48, 1),
(30, 'GPdI Perum T. Village', '', '0000-00-00', '', '', 30, 48, 1),
(31, 'GPdI Papakelan', '', '0000-00-00', '', '', 31, 47, 1),
(32, 'GPdI Perum Werot', '', '0000-00-00', '', '', 32, 47, 1),
(33, 'GPdI Galilea Kiniar', '', '0000-00-00', '', '', 33, 47, 1),
(34, 'GPdI Anugerah Kendis', '', '0000-00-00', '', '', 34, 47, 1),
(35, 'GPdI Getsemani Pengumaan', '', '0000-00-00', '', '', 35, 47, 1),
(36, 'GPdI Toulour', '', '0000-00-00', '', '', 36, 47, 1),
(37, 'GPdI Haleluyah Taler', '', '0000-00-00', '', '', 37, 47, 1),
(38, 'GPdI Shekinah Makalonsow', '', '0000-00-00', '', '', 38, 47, 1),
(39, 'GPdI Agape Liningaan', '', '0000-00-00', '', '', 39, 47, 1),
(40, 'GPdI Moria Wengkol', '', '0000-00-00', '', '', 40, 47, 1),
(41, 'GPdI Narwastu', '', '0000-00-00', '', '', 41, 47, 1),
(42, 'GPdI Ranowangko', '', '0000-00-00', '', '', 42, 47, 1),
(43, 'GPdI Cabang Sipiter', '', '0000-00-00', '', '', 43, 47, 1),
(44, 'GPdI Kasih Anugrah', '', '0000-00-00', '', '', 44, 47, 1),
(46, 'GPdI Tandengan', '', '0000-00-00', '', '', 46, 49, 1),
(47, 'GPdI Eris', '', '0000-00-00', '', '', 47, 49, 1),
(48, 'GPdI Watumea', '', '0000-00-00', '', '', 48, 49, 1),
(49, 'GPdI Ranomerut', '', '0000-00-00', '', '', 49, 49, 1),
(50, 'GPdI Sola Gratia Touliang Oki', '', '0000-00-00', '', '', 50, 49, 1),
(51, 'GPdI Telap', '', '0000-00-00', '', '', 51, 49, 1),
(52, 'GPdI Maumbi', '', '0000-00-00', '', '', 52, 49, 1),
(53, 'GPdI Immanuel Ranomerut', '', '0000-00-00', '', '', 53, 49, 1),
(54, 'GPdI Kapataran', '', '0000-00-00', '', '', 54, 51, 1),
(55, 'GPdI Rarumis', '', '0000-00-00', '', '', 55, 51, 1),
(56, 'GPdI Seretan Timur', '', '0000-00-00', '', '', 56, 51, 1),
(68, 'GPdI Kayuroya', '', '0000-00-00', '', '', 68, 51, 1),
(69, 'GPdI Karor', '', '0000-00-00', '', '', 69, 51, 1),
(70, 'GPdI Atep Oki', '', '0000-00-00', '', '', 70, 51, 1),
(71, 'GPdI Parentek', '', '0000-00-00', '', '', 71, 51, 1),
(72, 'GPdI Rarumis', '', '0000-00-00', '', '', 72, 51, 1),
(73, 'GPdI Shekinah Wongkai', '', '0000-00-00', '', '', 73, 51, 1),
(74, 'GPdI Kora-Kora', '', '0000-00-00', '', '', 74, 51, 1),
(75, 'GPdI Kamenti', '', '0000-00-00', '', '', 75, 51, 1),
(77, 'GPdI Shekinah Seretan', '', '0000-00-00', '', '', 77, 51, 1),
(78, 'GPdI Kasuratan', '', '0000-00-00', '', '', 78, 52, 1),
(79, 'GPdI Tampusu', '', '0000-00-00', '', '', 79, 52, 1),
(80, 'GPdI Siloam Remboken', '', '0000-00-00', '', '', 80, 52, 1),
(81, 'GPdI Parepei', '', '0000-00-00', '', '', 81, 52, 1),
(82, 'GPdI Bethlehem Perum L', '', '0000-00-00', '', '', 82, 52, 1),
(83, 'GPdI Elim Gagaran', '', '0000-00-00', '', '', 83, 52, 1),
(84, 'GPdI Kaima', '', '0000-00-00', '', '', 84, 52, 1),
(85, 'GPdI Koror', '', '0000-00-00', '', '', 85, 52, 1),
(86, 'GPdI Eben Heazer Sinuian', '', '0000-00-00', '', '', 86, 52, 1),
(87, 'GPdI Pulutan', '', '0000-00-00', '', '', 87, 52, 1),
(88, 'GPdI Walaikat', '', '0000-00-00', '', '', 88, 52, 1),
(89, 'GPdI Karmel Leleko', '', '0000-00-00', '', '', 89, 52, 1),
(90, 'GPdI Manahaim Leleko', '', '0000-00-00', '', '', 90, 52, 1),
(91, 'GPdI Paslaten Remboken', '', '0000-00-00', '', '', 91, 52, 1),
(92, 'GPdI Hermon Leleko', '', '0000-00-00', '', '', 92, 52, 1),
(93, 'GPdI Sendangan', '', '0000-00-00', '', '', 93, 52, 1),
(94, 'GPdI Kineret', '', '0000-00-00', '', '', 94, 45, 1),
(95, 'GPdI Eben Heazer Lewet', '', '0000-00-00', '', '', 95, 45, 1),
(96, 'GPdI Tondano Pusat', '', '0000-00-00', '', '', 96, 45, 1),
(97, 'GPdI Masarang', '', '0000-00-00', '', '', 97, 45, 1),
(98, 'GPdI Hosana Rinegetan', '', '0000-00-00', '', '', 98, 45, 1),
(99, 'GPdI Bethesda Rinegetan', '', '0000-00-00', '', '', 99, 45, 1),
(100, 'GPdI Perum Asabri', '', '0000-00-00', '', '', 100, 45, 1),
(101, 'GPdI Elim Rinegetan', '', '0000-00-00', '', '', 101, 45, 1),
(102, 'GPdI Petra Bukit Damai', '', '0000-00-00', '', '', 102, 45, 1),
(103, 'GPdI Bukit Hermon', '', '0000-00-00', '', '', 103, 45, 1),
(104, 'GPdI Sungai Yordan', '', '0000-00-00', '', '', 104, 45, 1),
(105, 'GPdI P . A. Etty', '', '0000-00-00', '', '', 105, 45, 1),
(106, 'GPdI Wulauan', '', '0000-00-00', '', '', 106, 46, 1),
(107, 'GPdI Griya Kembuan', '', '0000-00-00', '', '', 107, 46, 1),
(108, 'GPdI Marawas', '', '0000-00-00', '', '', 108, 46, 1),
(109, 'GPdI Imanuel Tondano', '', '0000-00-00', '', '', 109, 46, 1),
(110, 'GPdI Victory Kulo', '', '0000-00-00', '', '', 110, 46, 1),
(111, 'GPdI Elshaday Data', '', '0000-00-00', '', '', 111, 46, 1),
(112, 'GPdI Perum TGI', '', '0000-00-00', '', '', 112, 46, 1),
(113, 'GPdI Kembuan', '', '0000-00-00', '', '', 113, 46, 1),
(114, 'GPdI Tonsea Lama', '', '0000-00-00', '', '', 114, 46, 1),
(115, 'GPdI Kakas Bethesda', '', '0000-00-00', '', '', 115, 53, 1),
(116, 'GPdI Kaweng', '', '0000-00-00', '', '', 116, 53, 1),
(117, 'GPdI Suluan ', '', '0000-00-00', '', '', 117, 44, 1),
(118, 'GPdI Beth-Eden ', '', '0000-00-00', '', '', 118, 44, 1),
(119, 'GPdI Kamangta', '', '0000-00-00', '', '', 119, 44, 1),
(120, 'GPdI Sawangan ', '', '0000-00-00', '', '', 120, 44, 1),
(121, 'GPdI Sawangan Asri ', '', '0000-00-00', '', '', 121, 44, 1),
(122, 'GPdI Tombulu ', '', '0000-00-00', '', '', 122, 44, 1),
(123, 'GPdI Kembes 1', '', '0000-00-00', '', '', 123, 44, 1),
(124, 'GPdI Kembes II ', '', '0000-00-00', '', '', 124, 44, 1),
(125, 'GPdI Rumengkor ', '', '0000-00-00', '', '', 125, 44, 1),
(126, 'GPdI Koka ', '', '0000-00-00', '', '', 126, 44, 1),
(127, 'GPdI Efrata Koka ', '', '0000-00-00', '', '', 127, 44, 1),
(128, 'GPdI Rote Sawangan ', '', '0000-00-00', '', '', 128, 44, 1),
(129, 'GPdI Tikela ', '', '0000-00-00', '', '', 129, 44, 1),
(130, 'GPdI Victory ', '', '0000-00-00', '', '', 130, 44, 1),
(131, 'GPdI Kakaskasen', '', '0000-00-00', '', '', 131, 62, 1),
(133, 'GPdI Woloan I-II', '', '0000-00-00', '', '', 133, 62, 1),
(134, 'GPdI El-Roi Kayawu', '', '0000-00-00', '', '', 134, 62, 1),
(135, 'GPdI Woloan II ', '', '0000-00-00', '', '', 135, 62, 1),
(136, 'GPdI Kakaskasen I', '', '0000-00-00', '', '', 136, 62, 1),
(137, 'GPdI Talete I', '', '0000-00-00', '', '', 137, 62, 1),
(138, 'GPdI Rurukan', '', '0000-00-00', '', '', 138, 62, 1),
(139, 'GPdI Kumelembuai', '', '0000-00-00', '', '', 139, 62, 1),
(141, 'GPdI Tara – Tara I', '', '0000-00-00', '', '', 141, 62, 1),
(142, 'GPdI Sion Tinoor II ', '', '0000-00-00', '', '', 142, 62, 1),
(143, 'GPdI Horeb Rurukan I', '', '0000-00-00', '', '', 143, 62, 1),
(144, 'GPdI Tinoor I ', '', '0000-00-00', '', '', 144, 62, 1),
(145, 'GPdI Bukit Hermon', '', '0000-00-00', '', '', 145, 62, 1),
(146, 'GPdI Tara-Tara II ', '', '0000-00-00', '', '', 146, 62, 1),
(147, 'GPdI  Kinilow', '', '0000-00-00', '', '', 147, 62, 1),
(148, 'GPdI Rurukan I', '', '0000-00-00', '', '', 148, 62, 1),
(151, 'GPdI Tara – Tara III', '', '0000-00-00', '', '', 151, 62, 1),
(152, 'GPdI Lahendong', '', '0000-00-00', '', '', 152, 63, 1),
(153, 'GPdI Tondangow', '', '0000-00-00', '', '', 153, 63, 1),
(154, 'GPdI Tomohon Kota', '', '0000-00-00', '', '', 154, 63, 1),
(155, 'GPdI Lansot. Kel. Lansot', '', '0000-00-00', '', '', 155, 63, 1),
(156, 'GPdI Pinaras, Kel. Pinaras', '', '0000-00-00', '', '', 156, 63, 1),
(157, 'GPdI Pangolombian', '', '0000-00-00', '', '', 157, 63, 1),
(158, 'GPdI Walian Dua Tomohon', '', '0000-00-00', '', '', 158, 63, 1),
(160, 'GPdI Uluindano Tomohon', '', '0000-00-00', '', '', 160, 63, 1),
(161, 'GPdI Matani I Tomohon', '', '0000-00-00', '', '', 161, 63, 1),
(162, 'GPdI Tumatantang Tomohon', '', '0000-00-00', '', '', 162, 63, 1),
(163, 'GPdI Talete II/IV Tomohon', '', '0000-00-00', '', '', 163, 63, 1),
(166, 'GPdI Rhema Paniki Dua', '', '0000-00-00', '', '', 166, 7, 1),
(167, 'GPdI Filadelfia Paniki Bawah ', '', '0000-00-00', '', '', 167, 7, 1),
(168, 'GPdI Eben Haezar Mapanget Barat', '', '0000-00-00', '', '', 168, 7, 1),
(169, 'GPdI Karmel Kima Atas ', '', '0000-00-00', '', '', 169, 7, 1),
(170, 'GPdI Karpos Kima', '', '0000-00-00', '', '', 170, 7, 1),
(171, 'GPdI Mawar Saron Alam ', '', '0000-00-00', '', '', 171, 7, 1),
(172, 'GPdI Rehobot TAMARA ', '', '0000-00-00', '', '', 172, 7, 1),
(173, 'GPdI Mahanaim Perum Gritma ', '', '0000-00-00', '', '', 173, 7, 1),
(174, 'GPdI Elshadai Puskopad Paniki Bawah', '', '0000-00-00', '', '', 174, 7, 1),
(175, 'GPdI Alfa Omega Lapangan ', '', '0000-00-00', '', '', 175, 7, 1),
(176, 'GPdI Sawangan', '', '0000-00-00', '', '', 176, 27, 1),
(177, 'GPdI Eben Heazer Sukur', '', '0000-00-00', '', '', 177, 27, 1),
(178, 'GPdI Filadelfia Rap-Rap', '', '0000-00-00', '', '', 178, 27, 1),
(179, 'GPdI Tiberias Sarongsong II', '', '0000-00-00', '', '', 179, 27, 1),
(180, 'GPdI Batu Karang Airmadidi', '', '0000-00-00', '', '', 180, 27, 1),
(181, 'GPdI Anugerah Rap-Rap', '', '0000-00-00', '', '', 181, 27, 1),
(182, 'GPdI Alfa Omega Tanggari', '', '0000-00-00', '', '', 182, 27, 1),
(183, 'GPdI Sampiri', '', '0000-00-00', '', '', 183, 27, 1),
(184, 'GPdI Zaitun Sukur', '', '0000-00-00', '', '', 184, 27, 1),
(185, 'GPdI Elshadai Tanggari', '', '0000-00-00', '', '', 185, 27, 1),
(186, 'GPdI El-Gibbor Sarongsong II', '', '0000-00-00', '', '', 186, 27, 1),
(187, 'GPdI Bukit Sion Patar Airmadidi Bawah', '', '0000-00-00', '', '', 187, 27, 1),
(188, 'GPdI Jl. A. Manonutu Sarongsong I', '', '0000-00-00', '', '', 188, 28, 1),
(189, 'GPdI Jl. Pariwisata Gunung Klabat', '', '0000-00-00', '', '', 189, 28, 1),
(190, 'GPdI Immanuel Airmadidi Atas', '', '0000-00-00', '', '', 190, 28, 1),
(191, 'GPdI Immanuel Airmadidi Bawah', '', '0000-00-00', '', '', 191, 28, 1),
(192, 'GPdI Saronsong II Lingkungan VI', '', '0000-00-00', '', '', 192, 28, 1),
(193, 'GPdI Airmadidi Atas', '', '0000-00-00', '', '', 193, 28, 1),
(194, 'GPdI Airmadidi Atas', '', '0000-00-00', '', '', 194, 28, 1),
(195, 'GPdI Airmadidi Atas', '', '0000-00-00', '', '', 195, 28, 1),
(196, 'GPdI Eklesia Airmadidi Atas', '', '0000-00-00', '', '', 196, 28, 1),
(197, 'GPdI Jordan Airmadidi Bawah', '', '0000-00-00', '', '', 197, 28, 1),
(198, 'GPdI Mahanaim Perum GKI II Sarongsong 2', '', '0000-00-00', '', '', 198, 28, 1),
(199, 'GPdI Abraham Perum Pondok Indah Sukur', '', '0000-00-00', '', '', 199, 28, 1),
(200, 'GPdI Yordan Airmadidi Bawah', '', '0000-00-00', '', '', 200, 28, 1),
(201, 'GPdI Shekinah Bengkol ', '', '0000-00-00', '', '', 201, 7, 1),
(202, 'GPdI Pniel Kibitan Bengkol ', '', '0000-00-00', '', '', 202, 7, 1),
(203, 'GPdI Puri Permata Paniki Bawah ', '', '0000-00-00', '', '', 203, 7, 1),
(204, 'GPdI Jerusalem Paniki II ', '', '0000-00-00', '', '', 204, 7, 1),
(205, 'GPdI Holyland Grand Kawanua ', '', '0000-00-00', '', '', 205, 7, 1),
(206, 'GPdI Waleo', '', '0000-00-00', '', '', 206, 25, 1),
(207, 'GPdI Elshadai  Kema I', '', '0000-00-00', '', '', 207, 25, 1),
(208, 'GPdI Tontalete', '', '0000-00-00', '', '', 208, 25, 1),
(209, 'GPdI Mangket', '', '0000-00-00', '', '', 209, 25, 1),
(210, 'GPdI Lilang', '', '0000-00-00', '', '', 210, 25, 1),
(213, 'GPdI Lansot', '', '0000-00-00', '', '', 213, 25, 1),
(214, 'GPdI Kema III', '', '0000-00-00', '', '', 214, 25, 1),
(215, 'GPdI Kema II', '', '0000-00-00', '', '', 215, 25, 1),
(216, 'GPdI Pimpin Tasik', '', '0000-00-00', '', '', 216, 25, 1),
(217, 'GPdI Tontalete Ro-rok', '', '0000-00-00', '', '', 217, 25, 1),
(218, 'GPdI Makalisung', '', '0000-00-00', '', '', 218, 25, 1),
(219, 'GPdI Elgibor Kermah III', '', '0000-00-00', '', '', 219, 25, 1),
(220, 'GPdI Tumaluntung', '', '0000-00-00', '', '', 220, 26, 1),
(221, 'GPdI Imanuel Paslaten', '', '0000-00-00', '', '', 221, 26, 1),
(222, 'GPdI Lembean', '', '0000-00-00', '', '', 222, 26, 1),
(223, 'GPdI Alfa Omega Kasar', '', '0000-00-00', '', '', 223, 26, 1),
(224, 'GPdI Shekinah Karegesan', '', '0000-00-00', '', '', 224, 26, 1),
(225, 'GPdI ElShaddai Kaima', '', '0000-00-00', '', '', 225, 26, 1),
(226, 'GPdI Treman', '', '0000-00-00', '', '', 226, 26, 1),
(227, 'GPdI Hosana Kawiley', '', '0000-00-00', '', '', 227, 26, 1),
(228, 'GPdI Basilea Theos Kauditan', '', '0000-00-00', '', '', 228, 26, 1),
(229, 'GPdI Karmel Watudambo', '', '0000-00-00', '', '', 229, 26, 1),
(230, 'GPdI Gideon Watudambo', '', '0000-00-00', '', '', 230, 26, 1),
(231, 'GPdI Anthiokia Perum Kauditan', '', '0000-00-00', '', '', 231, 26, 1),
(232, 'GPdI Eben Haesar Tumaluntung ', '', '0000-00-00', '', '', 232, 26, 1),
(233, 'GPdI Perumahan Kauditanku Desa Kauditan 2', '', '0000-00-00', '', '', 233, 26, 1),
(234, 'GPdI Perumahan Student Hill Tumaluntung', '', '0000-00-00', '', '', 234, 26, 1),
(235, 'GPdI Tiberias Mokupa', '', '0000-00-00', '', '', 235, 41, 1),
(236, 'GPdI Victory Senduk', '', '0000-00-00', '', '', 236, 41, 1),
(237, 'GPdI Siloam', '', '0000-00-00', '', '', 237, 41, 1),
(238, 'GPdI Beth Eden Lolah ', '', '0000-00-00', '', '', 238, 41, 1),
(239, 'GPdI El-Shaday', '', '0000-00-00', '', '', 239, 41, 1),
(240, 'GPdI Filadelfia Lemoh', '', '0000-00-00', '', '', 240, 41, 1),
(241, 'GPdI Eklesia Sarani ', '', '0000-00-00', '', '', 241, 41, 1),
(242, 'GPdI Sion Ranowangko', '', '0000-00-00', '', '', 242, 41, 1),
(243, 'GPdI Bethesda Borgo', '', '0000-00-00', '', '', 243, 41, 1),
(244, 'GPdI Tambala', '', '0000-00-00', '', '', 244, 41, 1),
(245, 'GPdI Imanuel Kumu', '', '0000-00-00', '', '', 245, 41, 1),
(246, 'GPdI Poopoh', '', '0000-00-00', '', '', 246, 41, 1),
(247, 'GPdI Lansot', '', '0000-00-00', '', '', 247, 41, 1),
(248, 'GPdI Nazaret Teling', '', '0000-00-00', '', '', 248, 41, 1),
(249, 'GPdI Hosana Ronotongkor Timur', '', '0000-00-00', '', '', 249, 41, 1),
(250, 'GPdI Galilea Senduk Selatan', '', '0000-00-00', '', '', 250, 41, 1),
(251, 'GPdI Siloam', '', '0000-00-00', '', '', 251, 41, 1),
(252, 'GPdI Agape Lemoh', '', '0000-00-00', '', '', 252, 41, 1),
(253, 'GPdI Pusat Jl. Sam Ratulangi 38 Mdo', '', '0000-00-00', '', '', 253, 1, 1),
(254, 'GPdI Tikala Manado', '', '0000-00-00', '', '', 254, 1, 1),
(255, 'GPdI-Ekklesia-Taas', '', '0000-00-00', '', '', 255, 1, 1),
(256, 'GPdI-Nazareth-Pattynama-Manado', '', '0000-00-00', '', '', 256, 1, 1),
(257, 'GPdI-Narwastu Mahakeret', '', '0000-00-00', '', '', 257, 1, 1),
(258, 'GPdI-Sion Tikala Baru', '', '0000-00-00', '', '', 258, 1, 1),
(259, 'GPdI El Gibbor Taas.', '', '0000-00-00', '', '', 259, 1, 1),
(260, 'GPdI Syalom Paal IV', '', '0000-00-00', '', '', 260, 1, 1),
(261, 'GPdI Elshadai Paal IV', '', '0000-00-00', '', '', 261, 1, 1),
(262, 'GPdI Calaca', '', '0000-00-00', '', '', 262, 1, 1),
(263, 'GPdI Haleluyah Paal IV', '', '0000-00-00', '', '', 263, 1, 1),
(264, 'GPdI Kanaan Paal IV', '', '0000-00-00', '', '', 264, 1, 1),
(265, 'GPdI Titiwungen Bumi Beringin', '', '0000-00-00', '', '', 265, 1, 1),
(266, 'GPdI Bukit Zaitun Taas', '', '0000-00-00', '', '', 266, 1, 1),
(267, 'GPdI Beth Nimra Taas Bun', '', '0000-00-00', '', '', 267, 1, 1),
(268, 'GPdI El Shaddai New Life Church Sario', '', '0000-00-00', '', '', 268, 2, 1),
(270, 'GPdI Berea Ranotana', '', '0000-00-00', '', '', 270, 2, 1),
(271, 'GPdI Hosana Karombasan', '', '0000-00-00', '', '', 271, 2, 1),
(272, 'GPdI Genesaret Ranotana Weru', '', '0000-00-00', '', '', 272, 2, 1),
(273, 'GPdI Gloria Ranotana Weru', '', '0000-00-00', '', '', 273, 2, 1),
(274, 'GPdI Irene Sario', '', '0000-00-00', '', '', 274, 2, 1),
(275, 'GPdI Immanuel Sario', '', '0000-00-00', '', '', 275, 2, 1),
(276, 'GPdI Betlehem ', '', '0000-00-00', '', '', 276, 2, 1),
(277, 'GPdI Patmos Karombasan', '', '0000-00-00', '', '', 277, 2, 1),
(278, 'GPdI Narwastu ', '', '0000-00-00', '', '', 278, 2, 1),
(279, 'GPdI Pniel Bumi Beringin', '', '0000-00-00', '', '', 279, 2, 1),
(280, 'GPdI Calvary.', '', '0000-00-00', '', '', 280, 2, 1),
(281, 'GPdI Haleluya Karombasan ', '', '0000-00-00', '', '', 281, 2, 1),
(282, 'GPdI Ekklesia Pakowa', '', '0000-00-00', '', '', 282, 3, 1),
(283, 'GPdI Getsemani Teling	', '', '0000-00-00', '', '', 283, 3, 1),
(284, 'GPdI Mawar Saron	', '', '0000-00-00', '', '', 284, 3, 1),
(285, 'GPdI Yesus Harapan ', '', '0000-00-00', '', '', 285, 3, 1),
(286, 'GPdI Parakletos Wanea.	', '', '0000-00-00', '', '', 286, 3, 1),
(287, 'GPdI Bethesda Bumi Nyiur	', '', '0000-00-00', '', '', 287, 3, 1),
(288, 'GPdI Kanaan Indah ', '', '0000-00-00', '', '', 288, 3, 1),
(289, 'GPdI Filadelfia Teling Tingkulu', '', '0000-00-00', '', '', 289, 3, 1),
(290, 'GPdI Bethani Bumi Nyiur	', '', '0000-00-00', '', '', 290, 3, 1),
(291, 'GPdI Karmel Tingkulu	', '', '0000-00-00', '', '', 291, 3, 1),
(292, 'GPdI Gabriel Bumi Nyiur	', '', '0000-00-00', '', '', 292, 3, 1),
(293, 'GPdI Elgibor', '', '0000-00-00', '', '', 293, 3, 1),
(294, 'GPdI   Tingkulu Teling Atas	', '', '0000-00-00', '', '', 294, 3, 1),
(295, 'GPdI Apostolic', '', '0000-00-00', '', '', 295, 3, 1),
(296, 'GPdI-Betlehem Perkamil', '', '0000-00-00', '', '', 296, 4, 1),
(297, 'GPdI Pniel Ranomuut', '', '0000-00-00', '', '', 297, 4, 1),
(298, 'GPdI- Beth Eden Paal', '', '0000-00-00', '', '', 298, 4, 1),
(299, 'GPdI-Berea Perkamil	', '', '0000-00-00', '', '', 299, 4, 1),
(300, 'GPdI Mahanaim', '', '0000-00-00', '', '', 300, 4, 1),
(301, 'GPdI Nafiri Liwas Prmai  ', '', '0000-00-00', '', '', 301, 4, 1),
(302, 'GPdI-Victory Ranomuut', '', '0000-00-00', '', '', 302, 4, 1),
(303, 'GPdI Abraham Paal II', '', '0000-00-00', '', '', 303, 4, 1),
(304, 'GPdI Bukit Zaitun Taas', '', '0000-00-00', '', '', 304, 4, 1),
(305, 'GPdI Filadelfia 	', '', '0000-00-00', '', '', 305, 4, 1),
(306, 'GPdI Karmel - Dendal	', '', '0000-00-00', '', '', 306, 4, 1),
(307, 'GPdI Efrat Kairagi', '', '0000-00-00', '', '', 307, 4, 1),
(308, 'GPdI Imanuel Perum ', '', '0000-00-00', '', '', 308, 4, 1),
(309, 'Perumahan Camar Liwas  Ranomuut', '', '0000-00-00', '', '', 309, 4, 1),
(311, 'GPdI Dendengan Dalam', '', '0000-00-00', '', '', 311, 4, 1),
(316, 'GPdI Glory Manibang', '', '0000-00-00', '', '', 316, 5, 1),
(317, 'GPdI Elim Malalayang', '', '0000-00-00', '', '', 317, 5, 1),
(318, 'GPdI Lembah Pujian Malalayang', '', '0000-00-00', '', '', 318, 5, 1),
(319, 'GPdI Betlehem ', '', '0000-00-00', '', '', 319, 5, 1),
(320, 'GPdI Tiberias Malalayang', '', '0000-00-00', '', '', 320, 5, 1),
(321, 'GPdI Agathos ', '', '0000-00-00', '', '', 321, 5, 1),
(322, 'GPdI Kurios Malalayang 	', '', '0000-00-00', '', '', 322, 5, 1);

-- --------------------------------------------------------

--
-- Table structure for table `tbl_jemaat`
--

CREATE TABLE IF NOT EXISTS `tbl_jemaat` (
  `tj_id` bigint(20) NOT NULL AUTO_INCREMENT,
  `tg_id` int(11) NOT NULL,
  `tj_nik` varchar(255) NOT NULL,
  `tj_nkk` varchar(255) NOT NULL,
  `tj_nij` varchar(25) NOT NULL,
  `tj_nama` varchar(150) NOT NULL,
  `tj_jk` varchar(1) NOT NULL,
  `tj_tgl_lahir` date NOT NULL,
  `tj_tempat_lahir` varchar(50) NOT NULL,
  `tj_gol_darah` varchar(2) NOT NULL,
  `tj_tinggi_badan` int(11) NOT NULL,
  `tj_no_telp` varchar(50) NOT NULL,
  `tj_status_nikah` varchar(1) NOT NULL,
  `tj_nama_ayah` varchar(255) NOT NULL,
  `tj_nama_ibu` varchar(255) NOT NULL,
  `tj_warga_negara` varchar(100) NOT NULL,
  `tj_pekerjaan` varchar(30) NOT NULL,
  `tj_al_propinsi` varchar(100) NOT NULL,
  `tj_al_kab_kodya` varchar(100) NOT NULL,
  `tj_al_kec` varchar(100) NOT NULL,
  `tj_al_desa` varchar(100) NOT NULL,
  `tj_al_jaga` varchar(10) NOT NULL,
  `tj_al_rt_rw` varchar(10) NOT NULL,
  `tj_al_kode_kota` varchar(10) NOT NULL,
  `tj_al_kode_pos` varchar(10) NOT NULL,
  `tj_al_kepemilikan_rumah` mediumint(9) NOT NULL,
  `tj_al_kondisi_bangunan` smallint(6) NOT NULL,
  `tj_akt_usia` int(11) NOT NULL,
  `tj_akt_tahun` int(11) NOT NULL,
  `tj_akt_cara` varchar(255) NOT NULL,
  `tj_akt_agama_asal` varchar(255) NOT NULL,
  `tj_akt_grj_pertama` varchar(150) NOT NULL,
  `tj_akt_tgl_bergabung` date NOT NULL,
  `tj_akt_cara_bergabung` varchar(150) NOT NULL,
  `tj_akt_peny_status` tinyint(4) NOT NULL,
  `tj_akt_peny_cara` tinyint(4) NOT NULL,
  `tj_akt_peny_dilayani_oleh` varchar(150) NOT NULL,
  `tj_akt_peny_surat` tinyint(4) NOT NULL,
  `tj_akt_peny_no_surat` varchar(100) NOT NULL,
  `tj_akt_peny_jemaat` varchar(150) NOT NULL,
  `tj_akt_peny_tgl` date NOT NULL,
  `tj_akt_bap_status` tinyint(4) NOT NULL,
  `tj_akt_bap_cara` tinyint(4) NOT NULL,
  `tj_akt_bap_dilayani` varchar(150) NOT NULL,
  `tj_akt_bap_surat` tinyint(4) NOT NULL,
  `tj_akt_bap_no_surat` varchar(100) NOT NULL,
  `tj_akt_bap_jemaat` varchar(150) NOT NULL,
  `tj_akt_bap_tgl` date NOT NULL,
  `tj_pd_um_tingkat` tinyint(4) NOT NULL,
  `tj_pd_um_jurusan` varchar(150) NOT NULL,
  `tj_pd_um_nama_ins` varchar(150) NOT NULL,
  `tj_pd_um_alamat_ins` varchar(150) NOT NULL,
  `tj_pd_um_telp_ins` varchar(100) NOT NULL,
  `tj_pd_teo_tingkat` int(11) NOT NULL,
  `tj_pd_teo_jurusan` varchar(150) NOT NULL,
  `tj_pd_teo_nama_ins` varchar(150) NOT NULL,
  `tj_pd_teo_alamat_ins` varchar(150) NOT NULL,
  `tj_pd_teo_telp_ins` varchar(100) NOT NULL,
  `tj_roh_partisipasi` tinyint(4) NOT NULL,
  `tj_roh_talenta` varchar(150) NOT NULL,
  `tj_roh_karunia` varchar(150) NOT NULL,
  `tj_roh_keimanan` smallint(6) NOT NULL,
  `tj_roh_kepengurusan` varchar(150) NOT NULL,
  `tj_roh_pelayanan` varchar(150) NOT NULL,
  `tj_roh_kepribadian` varchar(150) NOT NULL,
  `tj_roh_kecerdasan` smallint(6) NOT NULL,
  `tj_roh_pertumbuhan` smallint(6) NOT NULL,
  `tj_pk_status` smallint(6) NOT NULL,
  `tj_pk_pekerjaan` varchar(150) NOT NULL,
  `tj_pk_penghasilan` int(11) NOT NULL,
  `tj_pk_nama_ins` varchar(150) NOT NULL,
  `tj_pk_alamat_ins` varchar(150) NOT NULL,
  `tj_pk_jam_berangkat` time NOT NULL,
  `tj_pk_jam_pulang` time NOT NULL,
  `tj_pk_transport` varchar(100) NOT NULL,
  `tj_status` tinyint(4) NOT NULL,
  `tj_index_search` text NOT NULL,
  `tj_datetime` timestamp NOT NULL DEFAULT CURRENT_TIMESTAMP,
  PRIMARY KEY (`tj_id`),
  KEY `tj_nij` (`tj_nij`),
  KEY `tj_nama` (`tj_nama`),
  KEY `tj_jk` (`tj_jk`),
  KEY `tj_tgl_lahir` (`tj_tgl_lahir`)
) ENGINE=InnoDB DEFAULT CHARSET=latin1 AUTO_INCREMENT=1 ;

--
-- Dumping data for table `tbl_jemaat`
--


-- --------------------------------------------------------

--
-- Table structure for table `tbl_kabupaten`
--

CREATE TABLE IF NOT EXISTS `tbl_kabupaten` (
  `tkab_id` int(11) NOT NULL AUTO_INCREMENT,
  `tkab_nama` varchar(255) NOT NULL,
  `tkab_prov` varchar(255) NOT NULL DEFAULT 'SULUT',
  `tkab_status` tinyint(4) NOT NULL DEFAULT '1',
  PRIMARY KEY (`tkab_id`)
) ENGINE=InnoDB  DEFAULT CHARSET=latin1 AUTO_INCREMENT=16 ;

--
-- Dumping data for table `tbl_kabupaten`
--

INSERT INTO `tbl_kabupaten` (`tkab_id`, `tkab_nama`, `tkab_prov`, `tkab_status`) VALUES
(1, 'Kota Manado', 'SULUT', 1),
(2, 'Kabupaten Minahasa', 'SULUT', 1),
(3, 'Kabupaten Minahasa Utara', 'SULUT', 1),
(4, 'Kota Bitung', 'SULUT', 1),
(5, 'Kota Tomohon', 'SULUT', 1),
(6, 'Kabupaten Minahasa Selatan', 'SULUT', 1),
(7, 'Kabupaten Minahasa Tenggara', 'SULUT', 1),
(8, 'Kabupaten Bolaang Mongondow Timur', 'SULUT', 1),
(9, 'Kota Kotamobagu', 'SULUT', 1),
(10, 'Kabupaten Bolaang Mongondow Utara', 'SULUT', 1),
(11, 'Kabupaten Bolaang Mongondow Selatan', 'SULUT', 1),
(12, 'Kabupaten Bolaang Mongondow', 'SULUT', 1),
(13, 'Kabupaten Kep. Sitaro', 'SULUT', 1),
(14, 'Kabupaten Kep. Sangihe', 'SULUT', 1),
(15, 'Kabupaten Kep. Talaud', 'SULUT', 1);

-- --------------------------------------------------------

--
-- Table structure for table `tbl_pengumuman`
--

CREATE TABLE IF NOT EXISTS `tbl_pengumuman` (
  `tpeng_id` bigint(20) NOT NULL AUTO_INCREMENT,
  `tpeng_judul` varchar(255) NOT NULL,
  `tpeng_isi` text NOT NULL,
  `tpeng_datetime` timestamp NOT NULL DEFAULT CURRENT_TIMESTAMP,
  `tu_id` int(11) NOT NULL,
  `tpeng_status` tinyint(4) NOT NULL,
  PRIMARY KEY (`tpeng_id`)
) ENGINE=InnoDB DEFAULT CHARSET=latin1 AUTO_INCREMENT=1 ;

--
-- Dumping data for table `tbl_pengumuman`
--


-- --------------------------------------------------------

--
-- Table structure for table `tbl_user`
--

CREATE TABLE IF NOT EXISTS `tbl_user` (
  `tu_id` int(11) NOT NULL AUTO_INCREMENT,
  `tu_username` varchar(100) NOT NULL,
  `tu_password` varchar(100) NOT NULL,
  `tu_tipe_user` int(11) NOT NULL,
  `tu_tipe_id` int(11) NOT NULL,
  `tu_is_linked` tinyint(4) NOT NULL,
  `tu_id_linked` int(11) NOT NULL,
  `tu_display_name` varchar(50) NOT NULL,
  `tu_status` tinyint(4) NOT NULL,
  PRIMARY KEY (`tu_id`),
  UNIQUE KEY `tu_username` (`tu_username`),
  KEY `unique` (`tu_username`,`tu_tipe_id`,`tu_id_linked`)
) ENGINE=InnoDB  DEFAULT CHARSET=latin1 AUTO_INCREMENT=137 ;

--
-- Dumping data for table `tbl_user`
--

INSERT INTO `tbl_user` (`tu_id`, `tu_username`, `tu_password`, `tu_tipe_user`, `tu_tipe_id`, `tu_is_linked`, `tu_id_linked`, `tu_display_name`, `tu_status`) VALUES
(1, 'admin', '21232f297a57a5a743894a0e4a801fc3', 1, 1, 0, 0, 'Administrator', 1),
(3, 'mw1wenangtikala', '7caaa3e8ecfb7c39ea299274ada31946', 3, 1, 0, 0, 'MW 1 Wenang Tikala', 1),
(4, 'mw2sariowanea', '7caaa3e8ecfb7c39ea299274ada31946', 3, 2, 0, 0, 'MW 2 Sario Wanea', 1),
(5, 'mw3wanea', '7caaa3e8ecfb7c39ea299274ada31946', 3, 3, 0, 0, 'MW 3 Wanea', 1),
(6, 'mw4paaldua', '7caaa3e8ecfb7c39ea299274ada31946', 3, 4, 0, 0, 'MW 4 Paal Dua', 1),
(7, 'mw5malalayanga', '7caaa3e8ecfb7c39ea299274ada31946', 3, 5, 0, 0, 'MW 5 Malalayang A', 1),
(8, 'mw6malalayangb', '7caaa3e8ecfb7c39ea299274ada31946', 3, 6, 0, 0, 'MW 6 Malalayang B', 1),
(9, 'mw7mapangeti', '7caaa3e8ecfb7c39ea299274ada31946', 3, 7, 0, 0, 'MW 7 Mapanget I', 1),
(10, 'mw8mapangetii', '7caaa3e8ecfb7c39ea299274ada31946', 3, 8, 0, 0, 'MW 8 Mapanget II', 1),
(11, 'mw9buha', '7caaa3e8ecfb7c39ea299274ada31946', 3, 9, 0, 0, 'MW 9 Buha', 1),
(12, 'mw10singkil', '7caaa3e8ecfb7c39ea299274ada31946', 3, 10, 0, 0, 'MW 10 Singkil', 1),
(13, 'mw11tuminting', '7caaa3e8ecfb7c39ea299274ada31946', 3, 11, 0, 0, 'MW 11 Tuminting', 1),
(14, 'mw12bunakeni', '7caaa3e8ecfb7c39ea299274ada31946', 3, 12, 0, 0, 'MW 12 Bunaken I', 1),
(15, 'mw13bunakenii', '7caaa3e8ecfb7c39ea299274ada31946', 3, 13, 0, 0, 'MW 13 Bunaken II', 1),
(16, 'mw14bunaken', '7caaa3e8ecfb7c39ea299274ada31946', 3, 14, 0, 0, 'MW 14 Bunaken ', 1),
(17, 'mw15lembehutara', '7caaa3e8ecfb7c39ea299274ada31946', 3, 15, 0, 0, 'MW 15 Lembeh Utara', 1),
(18, 'mw16lembehselatan', '7caaa3e8ecfb7c39ea299274ada31946', 3, 16, 0, 0, 'MW 16 Lembeh Selatan', 1),
(19, 'mw17aertembaga', '7caaa3e8ecfb7c39ea299274ada31946', 3, 17, 0, 0, 'MW 17 Aertembaga', 1),
(20, 'mw18maesa', '7caaa3e8ecfb7c39ea299274ada31946', 3, 18, 0, 0, 'MW 18 Maesa', 1),
(21, 'mw19madidir', '7caaa3e8ecfb7c39ea299274ada31946', 3, 19, 0, 0, 'MW 19 Madidir', 1),
(22, 'mw20girian', '7caaa3e8ecfb7c39ea299274ada31946', 3, 20, 0, 0, 'MW 20 Girian', 1),
(23, 'mw21matuarii', '7caaa3e8ecfb7c39ea299274ada31946', 3, 21, 0, 0, 'MW 21 Matuari I', 1),
(24, 'mw22matuariii', '7caaa3e8ecfb7c39ea299274ada31946', 3, 22, 0, 0, 'MW 22 Matuari II', 1),
(25, 'mw23ranowului', '7caaa3e8ecfb7c39ea299274ada31946', 3, 23, 0, 0, 'MW 23 Ranowulu I', 1),
(26, 'mw24ranowuluii', '7caaa3e8ecfb7c39ea299274ada31946', 3, 24, 0, 0, 'MW 24 Ranowulu II', 1),
(27, 'mw25kema', '7caaa3e8ecfb7c39ea299274ada31946', 3, 25, 0, 0, 'MW 25 Kema', 1),
(28, 'mw26kauditan', '7caaa3e8ecfb7c39ea299274ada31946', 3, 26, 0, 0, 'MW 26 Kauditan', 1),
(29, 'mw27airmadidii', '7caaa3e8ecfb7c39ea299274ada31946', 3, 27, 0, 0, 'MW 27 Airmadidi I', 1),
(30, 'mw28airmadidiii', '7caaa3e8ecfb7c39ea299274ada31946', 3, 28, 0, 0, 'MW 28 Airmadidi II', 1),
(31, 'mw29kalawati', '7caaa3e8ecfb7c39ea299274ada31946', 3, 29, 0, 0, 'MW 29 Kalawat I', 1),
(32, 'mw30kalawatii', '7caaa3e8ecfb7c39ea299274ada31946', 3, 30, 0, 0, 'MW 30 Kalawat II', 1),
(33, 'mw31dimembe', '7caaa3e8ecfb7c39ea299274ada31946', 3, 31, 0, 0, 'MW 31 Dimembe', 1),
(34, 'mw32tatelu', '7caaa3e8ecfb7c39ea299274ada31946', 3, 32, 0, 0, 'MW 32 Tatelu', 1),
(35, 'mw33talawaani', '7caaa3e8ecfb7c39ea299274ada31946', 3, 33, 0, 0, 'MW 33 Talawaan I', 1),
(36, 'mw34talawaanii', '7caaa3e8ecfb7c39ea299274ada31946', 3, 34, 0, 0, 'MW 34 Talawaan II', 1),
(37, 'mw35likupangtimur', '7caaa3e8ecfb7c39ea299274ada31946', 3, 35, 0, 0, 'MW 35 Likupang Timur', 1),
(38, 'mw36likupangselatan', '7caaa3e8ecfb7c39ea299274ada31946', 3, 36, 0, 0, 'MW 36 Likupang Selatan', 1),
(39, 'mw37likupangbarat', '7caaa3e8ecfb7c39ea299274ada31946', 3, 37, 0, 0, 'MW 37 Likupang Barat', 1),
(40, 'mw38gabata', '7caaa3e8ecfb7c39ea299274ada31946', 3, 38, 0, 0, 'MW 38 Gabata', 1),
(41, 'mw39woriutara', '7caaa3e8ecfb7c39ea299274ada31946', 3, 39, 0, 0, 'MW 39 Wori Utara', 1),
(42, 'mw40woriselatan', '7caaa3e8ecfb7c39ea299274ada31946', 3, 40, 0, 0, 'MW 40 Wori Selatan', 1),
(43, 'mw41tombariri', '7caaa3e8ecfb7c39ea299274ada31946', 3, 41, 0, 0, 'MW 41 Tombariri', 1),
(44, 'mw42pineleng', '7caaa3e8ecfb7c39ea299274ada31946', 3, 42, 0, 0, 'MW 42 Pineleng', 1),
(45, 'mw43pineleng', '7caaa3e8ecfb7c39ea299274ada31946', 3, 43, 0, 0, 'MW 43 Pineleng ', 1),
(46, 'mw44tombulu', '7caaa3e8ecfb7c39ea299274ada31946', 3, 44, 0, 0, 'MW 44 Tombulu', 1),
(47, 'mw45tondanobarat', '7caaa3e8ecfb7c39ea299274ada31946', 3, 45, 0, 0, 'MW 45 Tondano Barat', 1),
(48, 'mw46tondanoutara', '7caaa3e8ecfb7c39ea299274ada31946', 3, 46, 0, 0, 'MW 46 Tondano Utara', 1),
(49, 'mw47tondanotimur', '7caaa3e8ecfb7c39ea299274ada31946', 3, 47, 0, 0, 'MW 47 Tondano Timur', 1),
(50, 'mw48tondanoselatan', '7caaa3e8ecfb7c39ea299274ada31946', 3, 48, 0, 0, 'MW 48 Tondano Selatan', 1),
(51, 'mw49eris', '7caaa3e8ecfb7c39ea299274ada31946', 3, 49, 0, 0, 'MW 49 Eris', 1),
(52, 'mw50kombi', '7caaa3e8ecfb7c39ea299274ada31946', 3, 50, 0, 0, 'MW 50 Kombi', 1),
(53, 'mw51lembeantimur', '7caaa3e8ecfb7c39ea299274ada31946', 3, 51, 0, 0, 'MW 51 Lembean Timur', 1),
(54, 'mw52remboken', '7caaa3e8ecfb7c39ea299274ada31946', 3, 52, 0, 0, 'MW 52 Remboken', 1),
(55, 'mw53kakas', '7caaa3e8ecfb7c39ea299274ada31946', 3, 53, 0, 0, 'MW 53 Kakas', 1),
(56, 'mw54kakasbarat', '7caaa3e8ecfb7c39ea299274ada31946', 3, 54, 0, 0, 'MW 54 Kakas Barat', 1),
(57, 'mw55langowani', '7caaa3e8ecfb7c39ea299274ada31946', 3, 55, 0, 0, 'MW 55 Langowan I', 1),
(58, 'mw56langowanii', '7caaa3e8ecfb7c39ea299274ada31946', 3, 56, 0, 0, 'MW 56 Langowan II', 1),
(59, 'mw57langowaniii', '7caaa3e8ecfb7c39ea299274ada31946', 3, 57, 0, 0, 'MW 57 Langowan III', 1),
(60, 'mw58langowaniv', '7caaa3e8ecfb7c39ea299274ada31946', 3, 58, 0, 0, 'MW 58 Langowan IV', 1),
(61, 'mw59tompaso', '7caaa3e8ecfb7c39ea299274ada31946', 3, 59, 0, 0, 'MW 59 Tompaso', 1),
(62, 'mw60kawangkoan', '7caaa3e8ecfb7c39ea299274ada31946', 3, 60, 0, 0, 'MW 60 Kawangkoan', 1),
(63, 'mw61sonder', '7caaa3e8ecfb7c39ea299274ada31946', 3, 61, 0, 0, 'MW 61 Sonder', 1),
(64, 'mw62tomohoni', '7caaa3e8ecfb7c39ea299274ada31946', 3, 62, 0, 0, 'MW 62 Tomohon I', 1),
(65, 'mw63tomohonii', '7caaa3e8ecfb7c39ea299274ada31946', 3, 63, 0, 0, 'MW 63 Tomohon II', 1),
(66, 'mw64tareransulta', '7caaa3e8ecfb7c39ea299274ada31946', 3, 64, 0, 0, 'MW 64 Tareran Sulta', 1),
(67, 'mw65tumpaan', '7caaa3e8ecfb7c39ea299274ada31946', 3, 65, 0, 0, 'MW 65 Tumpaan', 1),
(68, 'mw66tatapaan', '7caaa3e8ecfb7c39ea299274ada31946', 3, 66, 0, 0, 'MW 66 Tatapaan', 1),
(69, 'mw67amurangi', '7caaa3e8ecfb7c39ea299274ada31946', 3, 67, 0, 0, 'MW 67 Amurang I', 1),
(70, 'mw68amurangii', '7caaa3e8ecfb7c39ea299274ada31946', 3, 68, 0, 0, 'MW 68 Amurang II', 1),
(71, 'mw69tenga', '7caaa3e8ecfb7c39ea299274ada31946', 3, 69, 0, 0, 'MW 69 Tenga', 1),
(72, 'mw70sinonsayang', '7caaa3e8ecfb7c39ea299274ada31946', 3, 70, 0, 0, 'MW 70 Sinonsayang', 1),
(73, 'mw71kumelembuai', '7caaa3e8ecfb7c39ea299274ada31946', 3, 71, 0, 0, 'MW 71 Kumelembuai', 1),
(74, 'mw72motoling', '7caaa3e8ecfb7c39ea299274ada31946', 3, 72, 0, 0, 'MW 72 Motoling', 1),
(75, 'mw73ranoyapo', '7caaa3e8ecfb7c39ea299274ada31946', 3, 73, 0, 0, 'MW 73 Ranoyapo', 1),
(76, 'mw74tompasobaru', '7caaa3e8ecfb7c39ea299274ada31946', 3, 74, 0, 0, 'MW 74 Tompaso Baru', 1),
(77, 'mw75maesaan', '7caaa3e8ecfb7c39ea299274ada31946', 3, 75, 0, 0, 'MW 75 Maesaan', 1),
(78, 'mw76modoinding', '7caaa3e8ecfb7c39ea299274ada31946', 3, 76, 0, 0, 'MW 76 Modoinding', 1),
(79, 'mw77toluaan', '7caaa3e8ecfb7c39ea299274ada31946', 3, 77, 0, 0, 'MW 77 Toluaan', 1),
(80, 'mw78tombatua', '7caaa3e8ecfb7c39ea299274ada31946', 3, 78, 0, 0, 'MW 78 Tombatu A', 1),
(81, 'mw79tombatub', '7caaa3e8ecfb7c39ea299274ada31946', 3, 79, 0, 0, 'MW 79 Tombatu B', 1),
(82, 'mw80ratahani', '7caaa3e8ecfb7c39ea299274ada31946', 3, 80, 0, 0, 'MW 80 Ratahan I', 1),
(83, 'mw81ratahanii', '7caaa3e8ecfb7c39ea299274ada31946', 3, 81, 0, 0, 'MW 81 Ratahan II', 1),
(84, 'mw82belang', '7caaa3e8ecfb7c39ea299274ada31946', 3, 82, 0, 0, 'MW 82 Belang', 1),
(85, 'mw83pusomaen', '7caaa3e8ecfb7c39ea299274ada31946', 3, 83, 0, 0, 'MW 83 Pusomaen', 1),
(86, 'mw84ratatotok', '7caaa3e8ecfb7c39ea299274ada31946', 3, 84, 0, 0, 'MW 84 Ratatotok', 1),
(87, 'mw85kotabunan-', '7caaa3e8ecfb7c39ea299274ada31946', 3, 85, 0, 0, 'MW 85 Kotabunan-', 1),
(88, 'mw86nuangan', '7caaa3e8ecfb7c39ea299274ada31946', 3, 86, 0, 0, 'MW 86 Nuangan', 1),
(89, 'mw87modayag-moat.', '7caaa3e8ecfb7c39ea299274ada31946', 3, 87, 0, 0, 'MW 87 Modayag-Moat.', 1),
(90, 'mw88kotamobagu', '7caaa3e8ecfb7c39ea299274ada31946', 3, 88, 0, 0, 'MW 88 Kotamobagu', 1),
(91, 'mw89pinolosian', '7caaa3e8ecfb7c39ea299274ada31946', 3, 89, 0, 0, 'MW 89 Pinolosian', 1),
(92, 'mw90bolaanguki', '7caaa3e8ecfb7c39ea299274ada31946', 3, 90, 0, 0, 'MW 90 Bolaang Uki', 1),
(93, 'mw91dumogabarat', '7caaa3e8ecfb7c39ea299274ada31946', 3, 91, 0, 0, 'MW 91 Dumoga Barat ', 1),
(94, 'mw92dumogautara', '7caaa3e8ecfb7c39ea299274ada31946', 3, 92, 0, 0, 'MW 92 Dumoga Utara', 1),
(95, 'mw93dumogatimur', '7caaa3e8ecfb7c39ea299274ada31946', 3, 93, 0, 0, 'MW 93 Dumoga Timur ', 1),
(96, 'mw94dumoga', '7caaa3e8ecfb7c39ea299274ada31946', 3, 94, 0, 0, 'MW 94 Dumoga ', 1),
(97, 'mw95lolayan', '7caaa3e8ecfb7c39ea299274ada31946', 3, 95, 0, 0, 'MW 95 Lolayan', 1),
(98, 'mw96passibersatu', '7caaa3e8ecfb7c39ea299274ada31946', 3, 96, 0, 0, 'MW 96 Passi Bersatu', 1),
(99, 'mw97poigar', '7caaa3e8ecfb7c39ea299274ada31946', 3, 97, 0, 0, 'MW 97 Poigar', 1),
(100, 'mw98bolaanglolak', '7caaa3e8ecfb7c39ea299274ada31946', 3, 98, 0, 0, 'MW 98 Bolaang Lolak', 1),
(101, 'mw99lolak', '7caaa3e8ecfb7c39ea299274ada31946', 3, 99, 0, 0, 'MW 99 Lolak', 1),
(102, 'mw100lolakmaelang', '7caaa3e8ecfb7c39ea299274ada31946', 3, 100, 0, 0, 'MW 100 Lolak Maelang', 1),
(103, 'mw101santombolang', '7caaa3e8ecfb7c39ea299274ada31946', 3, 101, 0, 0, 'MW 101 Santombolang', 1),
(104, 'mw102kaidipangbesar', '7caaa3e8ecfb7c39ea299274ada31946', 3, 102, 0, 0, 'MW 102 Kaidipang Besar', 1),
(105, 'mw103biaro', '7caaa3e8ecfb7c39ea299274ada31946', 3, 103, 0, 0, 'MW 103 Biaro', 1),
(106, 'mw104tagulangdangi', '7caaa3e8ecfb7c39ea299274ada31946', 3, 104, 0, 0, 'MW 104 Tagulangdang I', 1),
(107, 'mw105tagulandangii', '7caaa3e8ecfb7c39ea299274ada31946', 3, 105, 0, 0, 'MW 105 Tagulandang II', 1),
(108, 'mw106siaui', '7caaa3e8ecfb7c39ea299274ada31946', 3, 106, 0, 0, 'MW 106 Siau I', 1),
(109, 'mw107siauii', '7caaa3e8ecfb7c39ea299274ada31946', 3, 107, 0, 0, 'MW 107 Siau II', 1),
(110, 'mw108tahunakendahe', '7caaa3e8ecfb7c39ea299274ada31946', 3, 108, 0, 0, 'MW 108 Tahuna Kendahe', 1),
(111, 'mw109manganituutara', '7caaa3e8ecfb7c39ea299274ada31946', 3, 109, 0, 0, 'MW 109 Manganitu Utara', 1),
(112, 'mw110tamako', '7caaa3e8ecfb7c39ea299274ada31946', 3, 110, 0, 0, 'MW 110 Tamako', 1),
(113, 'mw111manganituselatan', '7caaa3e8ecfb7c39ea299274ada31946', 3, 111, 0, 0, 'MW 111 Manganitu Selatan', 1),
(114, 'mw112tabukanutara', '7caaa3e8ecfb7c39ea299274ada31946', 3, 112, 0, 0, 'MW 112 Tabukan Utara', 1),
(115, 'mw113tabukantengah', '7caaa3e8ecfb7c39ea299274ada31946', 3, 113, 0, 0, 'MW 113 Tabukan Tengah', 1),
(116, 'mw114tabukanselatan-', '7caaa3e8ecfb7c39ea299274ada31946', 3, 114, 0, 0, 'MW 114 Tabukan Selatan - ', 1),
(117, 'mw115tabukanselatan', '7caaa3e8ecfb7c39ea299274ada31946', 3, 115, 0, 0, 'MW 115 Tabukan Selatan', 1),
(118, 'mw116tatoareng', '7caaa3e8ecfb7c39ea299274ada31946', 3, 116, 0, 0, 'MW 116 Tatoareng', 1),
(119, 'mw117melonguane', '7caaa3e8ecfb7c39ea299274ada31946', 3, 117, 0, 0, 'MW 117 Melonguane', 1),
(120, 'mw118lirung', '7caaa3e8ecfb7c39ea299274ada31946', 3, 118, 0, 0, 'MW 118 Lirung', 1),
(121, 'mw119kabaruan', '7caaa3e8ecfb7c39ea299274ada31946', 3, 119, 0, 0, 'MW 119 Kabaruan', 1),
(122, 'mw120beo', '7caaa3e8ecfb7c39ea299274ada31946', 3, 120, 0, 0, 'MW 120 Beo', 1),
(123, 'mw121rainis', '7caaa3e8ecfb7c39ea299274ada31946', 3, 121, 0, 0, 'MW 121 Rainis', 1),
(124, 'mw122essang', '7caaa3e8ecfb7c39ea299274ada31946', 3, 122, 0, 0, 'MW 122 Essang', 1),
(125, 'mw123gemeh-', '7caaa3e8ecfb7c39ea299274ada31946', 3, 123, 0, 0, 'MW 123 Gemeh-', 1),
(126, 'md_sekretaris', '78dc471557ecd5d1d609725b5d4274e1', 1, 0, 0, 0, 'Pdt. Robby Makal', 1),
(127, 'md_ketua', '78dc471557ecd5d1d609725b5d4274e1', 1, 0, 0, 0, 'Pdt. Yvonne Awuy-Lantu', 1),
(135, 'test', 'c06db68e819be6ec3d26c6038d8e8d1f', 3, 50, 0, 0, 'test', 1),
(136, '', '', 1, 0, 0, 0, '', 1);

-- --------------------------------------------------------

--
-- Table structure for table `tbl_wilayah`
--

CREATE TABLE IF NOT EXISTS `tbl_wilayah` (
  `tw_id` int(11) NOT NULL AUTO_INCREMENT,
  `tw_nomor_induk` varchar(30) NOT NULL,
  `tw_nama` varchar(30) NOT NULL,
  `tkab_id` int(11) NOT NULL,
  `tw_struktur_organisasi` text NOT NULL,
  `tw_inventaris` text NOT NULL,
  `tw_status` tinyint(4) NOT NULL DEFAULT '1',
  PRIMARY KEY (`tw_id`)
) ENGINE=InnoDB  DEFAULT CHARSET=latin1 AUTO_INCREMENT=124 ;

--
-- Dumping data for table `tbl_wilayah`
--

INSERT INTO `tbl_wilayah` (`tw_id`, `tw_nomor_induk`, `tw_nama`, `tkab_id`, `tw_struktur_organisasi`, `tw_inventaris`, `tw_status`) VALUES
(1, 'I', 'Wenang Tikala', 1, '', '', 1),
(2, 'II', 'Sario Wanea', 1, '', '', 1),
(3, 'III', 'Wanea', 1, '', '', 1),
(4, 'IV', 'Paal Dua', 1, '', '', 1),
(5, 'V', 'Malalayang A', 1, '', '', 1),
(6, 'VI', 'Malalayang B', 1, '', '', 1),
(7, 'VII', 'Mapanget I', 1, '', '', 1),
(8, 'VIII', 'Mapanget II', 1, '', '', 1),
(9, 'IX', 'Buha', 1, '', '', 1),
(10, 'X', 'Singkil', 1, '', '', 1),
(11, 'XI', 'Tuminting', 1, '', '', 1),
(12, 'XII', 'Bunaken I', 1, '', '', 1),
(13, 'XIII', 'Bunaken II', 1, '', '', 1),
(14, 'XIV', 'Bunaken ', 1, '', '', 1),
(15, 'XV', 'Lembeh Utara', 4, '', '', 1),
(16, 'XVI', 'Lembeh Selatan', 4, '', '', 1),
(17, 'XVII', 'Aertembaga', 4, '', '', 1),
(18, 'XVIII', 'Maesa', 4, '', '', 1),
(19, 'XIX', 'Madidir', 4, '', '', 1),
(20, 'XX', 'Girian', 4, '', '', 1),
(21, 'XXI', 'Matuari I', 4, '', '', 1),
(22, 'XXII', 'Matuari II', 4, '', '', 1),
(23, 'XXIII', 'Ranowulu I', 4, '', '', 1),
(24, 'XXIV', 'Ranowulu II', 4, '', '', 1),
(25, 'XXV', 'Kema', 4, '', '', 1),
(26, 'XXVI', 'Kauditan', 3, '', '', 1),
(27, 'XXVII', 'Airmadidi I', 3, '', '', 1),
(28, 'XXVIII', 'Airmadidi II', 3, '', '', 1),
(29, 'XXIX', 'Kalawat I', 3, '', '', 1),
(30, 'XXX', 'Kalawat II', 3, '', '', 1),
(31, 'XXXI', 'Dimembe', 3, '', '', 1),
(32, 'XXXII', 'Tatelu', 3, '', '', 1),
(33, 'XXXIII', 'Talawaan I', 3, '', '', 1),
(34, 'XXXIV', 'Talawaan II', 3, '', '', 1),
(35, 'XXXV', 'Likupang Timur', 3, '', '', 1),
(36, 'XXXVI', 'Likupang Selatan', 3, '', '', 1),
(37, 'XXXVII', 'Likupang Barat', 3, '', '', 1),
(38, 'XXXVIII', 'Gabata', 3, '', '', 1),
(39, 'XXXIX', 'Wori Utara', 3, '', '', 1),
(40, 'XL', 'Wori Selatan', 3, '', '', 1),
(41, 'XLI', 'Tombariri', 2, '', '', 1),
(42, 'XLII', 'Pineleng', 2, '', '', 1),
(43, 'XLIII', 'Pineleng Mandolang', 2, '', '', 1),
(44, 'XLIV', 'Tombulu', 2, '', '', 1),
(45, 'XLV', 'Tondano Barat', 2, '', '', 1),
(46, 'XLVI', 'Tondano Utara', 2, '', '', 1),
(47, 'XLVII', 'Tondano Timur', 2, '', '', 1),
(48, 'XLVIII', 'Tondano Selatan', 2, '', '', 1),
(49, 'XLIX', 'Eris', 2, '', '', 1),
(50, 'L', 'Kombi', 2, '', '', 1),
(51, 'LI', 'Lembean Timur', 2, '', '', 1),
(52, 'LII', 'Remboken', 2, '', '', 1),
(53, 'LIII', 'Kakas', 2, '', '', 1),
(54, 'LIV', 'Kakas Barat', 2, '', '', 1),
(55, 'LV', 'Langowan Barat', 2, '', '', 1),
(56, 'LVI', 'Langowan Selatan', 2, '', '', 1),
(57, 'LVII', 'Langowan Utara', 2, '', '', 1),
(58, 'LVIII', 'Langowan Utara', 2, '', '', 1),
(59, 'LIX', 'Tompaso', 2, '', '', 1),
(60, 'LX', 'Kawangkoan', 2, '', '', 1),
(61, 'LXI', 'Sonder', 2, '', '', 1),
(62, 'LXII', 'Tomohon I', 5, '', '', 1),
(63, 'LXIII', 'Tomohon II', 5, '', '', 1),
(64, 'LXIV', 'Tareran Sulta', 6, 'Majelis Wilayah :\r\nKetua : Pdt. Ronny Sumual, STh\r\nSekretaris : Pdt. Yefta Wotulo\r\nBendahara : Pdt. Yohanis ', '', 1),
(65, 'LXV', 'Tumpaan', 6, '', '', 1),
(66, 'LXVI', 'Tatapaan', 6, '', '', 1),
(67, 'LXVII', 'Amurang I', 6, '', '', 1),
(68, 'LXVIII', 'Amurang II', 6, '', '', 1),
(69, 'LXIX', 'Tenga', 6, '', '', 1),
(70, 'LXX', 'Sinonsayang', 6, '', '', 1),
(71, 'LXXI', 'Kumelembuai', 6, '', '', 1),
(72, 'LXXII', 'Motoling', 6, '', '', 1),
(73, 'LXXIII', 'Ranoyapo', 6, '', '', 1),
(74, 'LXXIV', 'Tompaso Baru', 6, '', '', 1),
(75, 'LXXV', 'Maesaan', 6, '', '', 1),
(76, 'LXXVI', 'Modoinding', 6, '', '', 1),
(77, 'LXXVII', 'Toluaan', 7, '', '', 1),
(78, 'LXXVIII', 'Tombatu A', 7, '', '', 1),
(79, 'LXXIX', 'Tombatu B', 7, '', '', 1),
(80, 'LXXX', 'Ratahan I', 7, '', '', 1),
(81, 'LXXXI', 'Ratahan II', 7, '', '', 1),
(82, 'LXXXII', 'Belang', 7, '', '', 1),
(83, 'LXXXIII', 'Pusomaen', 7, '', '', 1),
(84, 'LXXXIV', 'Ratatotok', 7, '', '', 1),
(85, 'LXXXV', 'Kotabunan-Tutuyan', 8, '', '', 1),
(86, 'LXXXVI', 'Nuangan', 12, 'Majelis Wilayah\r\nKetua	Pdt. Jemmy Wongkar\r\nSekretaris	Pdt. Moody Rorong\r\nBendahara	Ibu O. Rumengan M', '', 1),
(87, 'LXXXVII', 'Modayag-Moat.', 8, '', '', 1),
(88, 'LXXXVIII', 'Kotamobagu', 9, 'Ketua	Pdt. Nixon Tampi.\r\nSekretaris	Pdt. Boy Palit.\r\nBendahara	Pdt. Piet Senduk.\r\n', '', 1),
(89, 'LXXXIX', 'Pinolosian', 11, 'Ketua	Pdt. Benny Tendean.\r\nSekretaris	Pdt. Yudy Sorongan\r\nBendahara	Pdt. Fenti Tewal\r\n', '', 1),
(90, 'XC', 'Bolaang Uki', 11, 'Ketua	Pdt. John Sumilat.\r\nSekretaris	Pdt Agus Sampow\r\nBendahara	Pdt. Decky Sumilat.\r\n', '', 1),
(91, 'XCI', 'Dumoga Barat ', 12, 'Ketua	Pdt. John Landeng\r\nSekretaris	Pdt. Febe Kawung\r\nBendahara	Pdt. Eddy Supit.\r\n', '', 1),
(92, 'XCII', 'Dumoga Utara', 12, '', '', 1),
(93, 'XCIII', 'Dumoga Timur ', 12, '', '', 1),
(94, 'XCIV', 'Dumoga ', 12, '', '', 1),
(95, 'XCV', 'Lolayan', 12, '', '', 1),
(96, 'XCVI', 'Passi Bersatu', 12, '', '', 1),
(97, 'XCVII', 'Poigar', 12, '', '', 1),
(98, 'XCVIII', 'Bolaang Lolak', 12, '', '', 1),
(99, 'XCIX', 'Lolak', 12, '', '', 1),
(100, 'C', 'Lolak Maelang', 12, '', '', 1),
(101, 'CI', 'Santombolang Bintauna', 10, '', '', 1),
(102, 'CII', 'Kaidipang Besar', 10, '', '', 1),
(103, 'CIII', 'Biaro', 13, '', '', 1),
(104, 'CIV', 'Tagulangdang I', 13, '', '', 1),
(105, 'CV', 'Tagulandang II', 13, '', '', 1),
(106, 'CVI', 'Siau I', 13, '', '', 1),
(107, 'CVII', 'Siau II', 13, '', '', 1),
(108, 'CVII', 'Tahuna Kendahe', 14, '', '', 1),
(109, 'CIX', 'Manganitu Utara', 14, '', '', 1),
(110, 'CX', 'Tamako', 14, '', '', 1),
(111, 'CXI', 'Manganitu Selatan', 14, '', '', 1),
(112, 'CXII', 'Tabukan Utara', 14, '', '', 1),
(113, 'CXIII', 'Tabukan Tengah', 14, '', '', 1),
(114, 'CXIV', 'Tabukan Selatan - Tengah - Ten', 14, '', '', 1),
(115, 'CXV', 'Tabukan Selatan', 14, '', '', 1),
(116, 'CXVI', 'Tatoareng', 15, '', '', 1),
(117, 'CXVII', 'Melonguane', 15, '', '', 1),
(118, 'CXVIII', 'Lirung', 15, '', '', 1),
(119, 'CXIX', 'Kabaruan', 15, '', '', 1),
(120, 'CXX', 'Beo', 15, '', '', 1),
(121, 'CXXI', 'Rainis', 15, '', '', 1),
(122, 'CXXII', 'Essang', 15, '', '', 1),
(123, 'CXXIII', 'Gemeh-', 15, '', '', 1);

-- --------------------------------------------------------

--
-- Table structure for table `trans_periode_gembala`
--

CREATE TABLE IF NOT EXISTS `trans_periode_gembala` (
  `tpg_id` int(11) NOT NULL AUTO_INCREMENT,
  `tpg_mulai` date NOT NULL,
  `tpg_selesai` date NOT NULL,
  `tg_id` int(11) NOT NULL,
  `tgem_id` int(11) NOT NULL,
  `tpg_status` int(11) NOT NULL,
  PRIMARY KEY (`tpg_id`),
  KEY `tg_id` (`tg_id`,`tgem_id`)
) ENGINE=InnoDB DEFAULT CHARSET=latin1 AUTO_INCREMENT=1 ;

--
-- Dumping data for table `trans_periode_gembala`
--

